Jurisdiction,Value,Race/ ethnicity,Year,Measure
State,4291.5,All races/ ethnicities (aggregated),2017,Mental Health ED visits
Allegany,3309.6,All races/ ethnicities (aggregated),2017,Mental Health ED visits
Anne Arundel,5734.1,All races/ ethnicities (aggregated),2017,Mental Health ED visits
Baltimore City,10093.5,All races/ ethnicities (aggregated),2017,Mental Health ED visits
Baltimore County,4210.1,All races/ ethnicities (aggregated),2017,Mental Health ED visits
Calvert,2999.1,All races/ ethnicities (aggregated),2017,Mental Health ED visits
Caroline,7556.2,All races/ ethnicities (aggregated),2017,Mental Health ED visits
Carroll,4216,All races/ ethnicities (aggregated),2017,Mental Health ED visits
Cecil,9584.2,All races/ ethnicities (aggregated),2017,Mental Health ED visits
Charles,2817.6,All races/ ethnicities (aggregated),2017,Mental Health ED visits
Dorchester,11251.8,All races/ ethnicities (aggregated),2017,Mental Health ED visits
Frederick,3064.1,All races/ ethnicities (aggregated),2017,Mental Health ED visits
Garrett,7967.6,All races/ ethnicities (aggregated),2017,Mental Health ED visits
Harford,3020.2,All races/ ethnicities (aggregated),2017,Mental Health ED visits
Howard,3082.1,All races/ ethnicities (aggregated),2017,Mental Health ED visits
Kent,13662.1,All races/ ethnicities (aggregated),2017,Mental Health ED visits
Montgomery,2312.1,All races/ ethnicities (aggregated),2017,Mental Health ED visits
Prince George's,1955.6,All races/ ethnicities (aggregated),2017,Mental Health ED visits
Queen Anne's,6119.5,All races/ ethnicities (aggregated),2017,Mental Health ED visits
Saint Mary's,6173.1,All races/ ethnicities (aggregated),2017,Mental Health ED visits
Somerset,2696.1,All races/ ethnicities (aggregated),2017,Mental Health ED visits
Talbot,7661.6,All races/ ethnicities (aggregated),2017,Mental Health ED visits
Washington,5410.8,All races/ ethnicities (aggregated),2017,Mental Health ED visits
Wicomico,2897.6,All races/ ethnicities (aggregated),2017,Mental Health ED visits
Worcester,3502.8,All races/ ethnicities (aggregated),2017,Mental Health ED visits
State,4889.6,Black Non-Hispanic,2017,Mental Health ED visits
Allegany,1971.2,Black Non-Hispanic,2017,Mental Health ED visits
Anne Arundel,6266.3,Black Non-Hispanic,2017,Mental Health ED visits
Baltimore City,11221.4,Black Non-Hispanic,2017,Mental Health ED visits
Baltimore County,4528,Black Non-Hispanic,2017,Mental Health ED visits
Calvert,2840.7,Black Non-Hispanic,2017,Mental Health ED visits
Caroline,7703.2,Black Non-Hispanic,2017,Mental Health ED visits
Carroll,5016.4,Black Non-Hispanic,2017,Mental Health ED visits
Cecil,12006.8,Black Non-Hispanic,2017,Mental Health ED visits
Charles,2391.5,Black Non-Hispanic,2017,Mental Health ED visits
Dorchester,15456.1,Black Non-Hispanic,2017,Mental Health ED visits
Frederick,3589,Black Non-Hispanic,2017,Mental Health ED visits
Garrett,,Black Non-Hispanic,2017,Mental Health ED visits
Harford,3269.4,Black Non-Hispanic,2017,Mental Health ED visits
Howard,4240.1,Black Non-Hispanic,2017,Mental Health ED visits
Kent,18036.4,Black Non-Hispanic,2017,Mental Health ED visits
Montgomery,2710.5,Black Non-Hispanic,2017,Mental Health ED visits
Prince George's,1958.4,Black Non-Hispanic,2017,Mental Health ED visits
Queen Anne's,8983.4,Black Non-Hispanic,2017,Mental Health ED visits
Saint Mary's,7083.6,Black Non-Hispanic,2017,Mental Health ED visits
Somerset,2378.5,Black Non-Hispanic,2017,Mental Health ED visits
Talbot,11491.4,Black Non-Hispanic,2017,Mental Health ED visits
Washington,5037.8,Black Non-Hispanic,2017,Mental Health ED visits
Wicomico,3391.8,Black Non-Hispanic,2017,Mental Health ED visits
Worcester,3116.1,Black Non-Hispanic,2017,Mental Health ED visits
State,1693.6,Hispanic,2017,Mental Health ED visits
Allegany,,Hispanic,2017,Mental Health ED visits
Anne Arundel,3298.9,Hispanic,2017,Mental Health ED visits
Baltimore City,3526.2,Hispanic,2017,Mental Health ED visits
Baltimore County,1614.8,Hispanic,2017,Mental Health ED visits
Calvert,,Hispanic,2017,Mental Health ED visits
Caroline,,Hispanic,2017,Mental Health ED visits
Carroll,1787.1,Hispanic,2017,Mental Health ED visits
Cecil,6060.4,Hispanic,2017,Mental Health ED visits
Charles,1111.4,Hispanic,2017,Mental Health ED visits
Dorchester,5653.3,Hispanic,2017,Mental Health ED visits
Frederick,1770.8,Hispanic,2017,Mental Health ED visits
Garrett,,Hispanic,2017,Mental Health ED visits
Harford,2344.6,Hispanic,2017,Mental Health ED visits
Howard,2384.8,Hispanic,2017,Mental Health ED visits
Kent,,Hispanic,2017,Mental Health ED visits
Montgomery,1578.7,Hispanic,2017,Mental Health ED visits
Prince George's,824.2,Hispanic,2017,Mental Health ED visits
Queen Anne's,,Hispanic,2017,Mental Health ED visits
Saint Mary's,1506.1,Hispanic,2017,Mental Health ED visits
Somerset,,Hispanic,2017,Mental Health ED visits
Talbot,,Hispanic,2017,Mental Health ED visits
Washington,4035.5,Hispanic,2017,Mental Health ED visits
Wicomico,1576,Hispanic,2017,Mental Health ED visits
Worcester,,Hispanic,2017,Mental Health ED visits
State,4077.1,White Non-Hispanic,2017,Mental Health ED visits
Allegany,3554.5,White Non-Hispanic,2017,Mental Health ED visits
Anne Arundel,5654.4,White Non-Hispanic,2017,Mental Health ED visits
Baltimore City,8330.5,White Non-Hispanic,2017,Mental Health ED visits
Baltimore County,4232.2,White Non-Hispanic,2017,Mental Health ED visits
Calvert,3072.4,White Non-Hispanic,2017,Mental Health ED visits
Caroline,7482.1,White Non-Hispanic,2017,Mental Health ED visits
Carroll,4204.2,White Non-Hispanic,2017,Mental Health ED visits
Cecil,9294.6,White Non-Hispanic,2017,Mental Health ED visits
Charles,3293.7,White Non-Hispanic,2017,Mental Health ED visits
Dorchester,8927.4,White Non-Hispanic,2017,Mental Health ED visits
Frederick,2933.8,White Non-Hispanic,2017,Mental Health ED visits
Garrett,8055.9,White Non-Hispanic,2017,Mental Health ED visits
Harford,2912.5,White Non-Hispanic,2017,Mental Health ED visits
Howard,3091.8,White Non-Hispanic,2017,Mental Health ED visits
Kent,12417,White Non-Hispanic,2017,Mental Health ED visits
Montgomery,2039.9,White Non-Hispanic,2017,Mental Health ED visits
Prince George's,1685.7,White Non-Hispanic,2017,Mental Health ED visits
Queen Anne's,5937.1,White Non-Hispanic,2017,Mental Health ED visits
Saint Mary's,6067.1,White Non-Hispanic,2017,Mental Health ED visits
Somerset,3071,White Non-Hispanic,2017,Mental Health ED visits
Talbot,7013.5,White Non-Hispanic,2017,Mental Health ED visits
Washington,5337.7,White Non-Hispanic,2017,Mental Health ED visits
Wicomico,2631.6,White Non-Hispanic,2017,Mental Health ED visits
Worcester,3575.2,White Non-Hispanic,2017,Mental Health ED visits
State,464.3,Asian/ Pacific Islander Non-Hispanic,2017,Mental Health ED visits
Allegany,,Asian/ Pacific Islander Non-Hispanic,2017,Mental Health ED visits
Anne Arundel,1095.9,Asian/ Pacific Islander Non-Hispanic,2017,Mental Health ED visits
Baltimore City,1173.4,Asian/ Pacific Islander Non-Hispanic,2017,Mental Health ED visits
Baltimore County,462.6,Asian/ Pacific Islander Non-Hispanic,2017,Mental Health ED visits
Calvert,,Asian/ Pacific Islander Non-Hispanic,2017,Mental Health ED visits
Caroline,,Asian/ Pacific Islander Non-Hispanic,2017,Mental Health ED visits
Carroll,,Asian/ Pacific Islander Non-Hispanic,2017,Mental Health ED visits
Cecil,,Asian/ Pacific Islander Non-Hispanic,2017,Mental Health ED visits
Charles,,Asian/ Pacific Islander Non-Hispanic,2017,Mental Health ED visits
Dorchester,,Asian/ Pacific Islander Non-Hispanic,2017,Mental Health ED visits
Frederick,476.5,Asian/ Pacific Islander Non-Hispanic,2017,Mental Health ED visits
Garrett,,Asian/ Pacific Islander Non-Hispanic,2017,Mental Health ED visits
Calvert,2391.8,Black,2015,Mental Health ED visits
Harford,798.6,Asian/ Pacific Islander Non-Hispanic,2017,Mental Health ED visits
Howard,,Asian/ Pacific Islander Non-Hispanic,2017,Mental Health ED visits
Kent,,Asian/ Pacific Islander Non-Hispanic,2017,Mental Health ED visits
Montgomery,463.4,Asian/ Pacific Islander Non-Hispanic,2017,Mental Health ED visits
Prince George's,340,Asian/ Pacific Islander Non-Hispanic,2017,Mental Health ED visits
Queen Anne's,,Asian/ Pacific Islander Non-Hispanic,2017,Mental Health ED visits
Saint Mary's,,Asian/ Pacific Islander Non-Hispanic,2017,Mental Health ED visits
Somerset,,Asian/ Pacific Islander Non-Hispanic,2017,Mental Health ED visits
Talbot,,Asian/ Pacific Islander Non-Hispanic,2017,Mental Health ED visits
Washington,,Asian/ Pacific Islander Non-Hispanic,2017,Mental Health ED visits
Wicomico,,Asian/ Pacific Islander Non-Hispanic,2017,Mental Health ED visits
Worcester,,Asian/ Pacific Islander Non-Hispanic,2017,Mental Health ED visits
State,3796.7,All races/ ethnicities (aggregated),2016,Mental Health ED visits
Allegany,2528.9,All races/ ethnicities (aggregated),2016,Mental Health ED visits
Anne Arundel,5026.4,All races/ ethnicities (aggregated),2016,Mental Health ED visits
Baltimore City,8551.8,All races/ ethnicities (aggregated),2016,Mental Health ED visits
Baltimore County,3653.8,All races/ ethnicities (aggregated),2016,Mental Health ED visits
Calvert,3194.3,All races/ ethnicities (aggregated),2016,Mental Health ED visits
Caroline,6651.8,All races/ ethnicities (aggregated),2016,Mental Health ED visits
Carroll,4058,All races/ ethnicities (aggregated),2016,Mental Health ED visits
Cecil,8684,All races/ ethnicities (aggregated),2016,Mental Health ED visits
Charles,2834.6,All races/ ethnicities (aggregated),2016,Mental Health ED visits
Dorchester,7981.1,All races/ ethnicities (aggregated),2016,Mental Health ED visits
Frederick,2477.7,All races/ ethnicities (aggregated),2016,Mental Health ED visits
Garrett,7324.3,All races/ ethnicities (aggregated),2016,Mental Health ED visits
Harford,2644.4,All races/ ethnicities (aggregated),2016,Mental Health ED visits
Howard,2709.3,All races/ ethnicities (aggregated),2016,Mental Health ED visits
Kent,9833,All races/ ethnicities (aggregated),2016,Mental Health ED visits
Montgomery,2278.5,All races/ ethnicities (aggregated),2016,Mental Health ED visits
Prince George's,1861.6,All races/ ethnicities (aggregated),2016,Mental Health ED visits
Queen Anne's,5293.5,All races/ ethnicities (aggregated),2016,Mental Health ED visits
Saint Mary's,5804.2,All races/ ethnicities (aggregated),2016,Mental Health ED visits
Somerset,3265.9,All races/ ethnicities (aggregated),2016,Mental Health ED visits
Talbot,7028.9,All races/ ethnicities (aggregated),2016,Mental Health ED visits
Washington,3511.1,All races/ ethnicities (aggregated),2016,Mental Health ED visits
Wicomico,2863.5,All races/ ethnicities (aggregated),2016,Mental Health ED visits
Worcester,3657,All races/ ethnicities (aggregated),2016,Mental Health ED visits
State,4220,Black Non-Hispanic,2016,Mental Health ED visits
Allegany,1257.5,Black Non-Hispanic,2016,Mental Health ED visits
Anne Arundel,5349.6,Black Non-Hispanic,2016,Mental Health ED visits
Baltimore City,9236.7,Black Non-Hispanic,2016,Mental Health ED visits
Baltimore County,3662.8,Black Non-Hispanic,2016,Mental Health ED visits
Calvert,3023,Black Non-Hispanic,2016,Mental Health ED visits
Caroline,6085.2,Black Non-Hispanic,2016,Mental Health ED visits
Carroll,5047.8,Black Non-Hispanic,2016,Mental Health ED visits
Cecil,9806.9,Black Non-Hispanic,2016,Mental Health ED visits
Charles,2391.8,Black Non-Hispanic,2016,Mental Health ED visits
Dorchester,10114.4,Black Non-Hispanic,2016,Mental Health ED visits
Frederick,2857.1,Black Non-Hispanic,2016,Mental Health ED visits
Garrett,,Black Non-Hispanic,2016,Mental Health ED visits
Harford,3160.1,Black Non-Hispanic,2016,Mental Health ED visits
Howard,3532.7,Black Non-Hispanic,2016,Mental Health ED visits
Kent,13150.6,Black Non-Hispanic,2016,Mental Health ED visits
Montgomery,2717.8,Black Non-Hispanic,2016,Mental Health ED visits
Prince George's,1837.5,Black Non-Hispanic,2016,Mental Health ED visits
Queen Anne's,9396.9,Black Non-Hispanic,2016,Mental Health ED visits
Saint Mary's,6998,Black Non-Hispanic,2016,Mental Health ED visits
Somerset,2921,Black Non-Hispanic,2016,Mental Health ED visits
Talbot,10277.2,Black Non-Hispanic,2016,Mental Health ED visits
Washington,3091.6,Black Non-Hispanic,2016,Mental Health ED visits
Wicomico,3233.2,Black Non-Hispanic,2016,Mental Health ED visits
Worcester,3170.3,Black Non-Hispanic,2016,Mental Health ED visits
State,1461.3,Hispanic,2016,Mental Health ED visits
Allegany,,Hispanic,2016,Mental Health ED visits
Anne Arundel,2541.1,Hispanic,2016,Mental Health ED visits
Baltimore City,2753.1,Hispanic,2016,Mental Health ED visits
Baltimore County,1553.7,Hispanic,2016,Mental Health ED visits
Calvert,,Hispanic,2016,Mental Health ED visits
Caroline,,Hispanic,2016,Mental Health ED visits
Carroll,1571.9,Hispanic,2016,Mental Health ED visits
Cecil,3396.8,Hispanic,2016,Mental Health ED visits
Charles,1072.9,Hispanic,2016,Mental Health ED visits
Dorchester,,Hispanic,2016,Mental Health ED visits
Frederick,1298.5,Hispanic,2016,Mental Health ED visits
Garrett,,Hispanic,2016,Mental Health ED visits
Harford,1521,Hispanic,2016,Mental Health ED visits
Howard,1837.3,Hispanic,2016,Mental Health ED visits
Kent,,Hispanic,2016,Mental Health ED visits
Montgomery,1520.7,Hispanic,2016,Mental Health ED visits
Prince George's,771,Hispanic,2016,Mental Health ED visits
Queen Anne's,,Hispanic,2016,Mental Health ED visits
Saint Mary's,1182,Hispanic,2016,Mental Health ED visits
Somerset,,Hispanic,2016,Mental Health ED visits
Talbot,,Hispanic,2016,Mental Health ED visits
Washington,1773.7,Hispanic,2016,Mental Health ED visits
Wicomico,2947.6,Hispanic,2016,Mental Health ED visits
Worcester,,Hispanic,2016,Mental Health ED visits
State,3679.2,White Non-Hispanic,2016,Mental Health ED visits
Allegany,2696.9,White Non-Hispanic,2016,Mental Health ED visits
Anne Arundel,5017.7,White Non-Hispanic,2016,Mental Health ED visits
Baltimore City,7557.8,White Non-Hispanic,2016,Mental Health ED visits
Baltimore County,3812.6,White Non-Hispanic,2016,Mental Health ED visits
Calvert,3261,White Non-Hispanic,2016,Mental Health ED visits
Caroline,6671.2,White Non-Hispanic,2016,Mental Health ED visits
Carroll,4029.8,White Non-Hispanic,2016,Mental Health ED visits
Cecil,8564.1,White Non-Hispanic,2016,Mental Health ED visits
Charles,3317.7,White Non-Hispanic,2016,Mental Health ED visits
Dorchester,6686.6,White Non-Hispanic,2016,Mental Health ED visits
Frederick,2384.5,White Non-Hispanic,2016,Mental Health ED visits
Garrett,7359.7,White Non-Hispanic,2016,Mental Health ED visits
Harford,2531.6,White Non-Hispanic,2016,Mental Health ED visits
Howard,2752.4,White Non-Hispanic,2016,Mental Health ED visits
Kent,8983.2,White Non-Hispanic,2016,Mental Health ED visits
Montgomery,2088.1,White Non-Hispanic,2016,Mental Health ED visits
Prince George's,1694.6,White Non-Hispanic,2016,Mental Health ED visits
Queen Anne's,4972,White Non-Hispanic,2016,Mental Health ED visits
Saint Mary's,5644.7,White Non-Hispanic,2016,Mental Health ED visits
Somerset,3520.7,White Non-Hispanic,2016,Mental Health ED visits
Talbot,6520.6,White Non-Hispanic,2016,Mental Health ED visits
Washington,3487.3,White Non-Hispanic,2016,Mental Health ED visits
Wicomico,2670.1,White Non-Hispanic,2016,Mental Health ED visits
Worcester,3766.3,White Non-Hispanic,2016,Mental Health ED visits
State,588.3,Asian/ Pacific Islander Non-Hispanic,2016,Mental Health ED visits
Allegany,,Asian/ Pacific Islander Non-Hispanic,2016,Mental Health ED visits
Anne Arundel,1024.9,Asian/ Pacific Islander Non-Hispanic,2016,Mental Health ED visits
Baltimore City,1872.9,Asian/ Pacific Islander Non-Hispanic,2016,Mental Health ED visits
Baltimore County,671.4,Asian/ Pacific Islander Non-Hispanic,2016,Mental Health ED visits
Calvert,,Asian/ Pacific Islander Non-Hispanic,2016,Mental Health ED visits
Caroline,,Asian/ Pacific Islander Non-Hispanic,2016,Mental Health ED visits
Carroll,,Asian/ Pacific Islander Non-Hispanic,2016,Mental Health ED visits
Cecil,,Asian/ Pacific Islander Non-Hispanic,2016,Mental Health ED visits
Charles,,Asian/ Pacific Islander Non-Hispanic,2016,Mental Health ED visits
Dorchester,,Asian/ Pacific Islander Non-Hispanic,2016,Mental Health ED visits
Frederick,468,Asian/ Pacific Islander Non-Hispanic,2016,Mental Health ED visits
Garrett,,Asian/ Pacific Islander Non-Hispanic,2016,Mental Health ED visits
Harford,,Asian/ Pacific Islander Non-Hispanic,2016,Mental Health ED visits
Howard,99.5,Asian/ Pacific Islander Non-Hispanic,2016,Mental Health ED visits
Kent,,Asian/ Pacific Islander Non-Hispanic,2016,Mental Health ED visits
Montgomery,558.6,Asian/ Pacific Islander Non-Hispanic,2016,Mental Health ED visits
Prince George's,451.2,Asian/ Pacific Islander Non-Hispanic,2016,Mental Health ED visits
Queen Anne's,,Asian/ Pacific Islander Non-Hispanic,2016,Mental Health ED visits
Saint Mary's,2812.9,Asian/ Pacific Islander Non-Hispanic,2016,Mental Health ED visits
Somerset,,Asian/ Pacific Islander Non-Hispanic,2016,Mental Health ED visits
Talbot,,Asian/ Pacific Islander Non-Hispanic,2016,Mental Health ED visits
Washington,,Asian/ Pacific Islander Non-Hispanic,2016,Mental Health ED visits
Wicomico,,Asian/ Pacific Islander Non-Hispanic,2016,Mental Health ED visits
Worcester,,Asian/ Pacific Islander Non-Hispanic,2016,Mental Health ED visits
State,2909,All races/ ethnicities (aggregated),2015,Mental Health ED visits
Allegany,3739.4,All races/ ethnicities (aggregated),2015,Mental Health ED visits
Anne Arundel,3723.1,All races/ ethnicities (aggregated),2015,Mental Health ED visits
Baltimore City,5895.2,All races/ ethnicities (aggregated),2015,Mental Health ED visits
Baltimore County,2843.9,All races/ ethnicities (aggregated),2015,Mental Health ED visits
Calvert,2669.3,All races/ ethnicities (aggregated),2015,Mental Health ED visits
Caroline,3742.9,All races/ ethnicities (aggregated),2015,Mental Health ED visits
Carroll,2949.5,All races/ ethnicities (aggregated),2015,Mental Health ED visits
Cecil,5172.7,All races/ ethnicities (aggregated),2015,Mental Health ED visits
Charles,1661.2,All races/ ethnicities (aggregated),2015,Mental Health ED visits
Dorchester,6809.6,All races/ ethnicities (aggregated),2015,Mental Health ED visits
Frederick,3415.5,All races/ ethnicities (aggregated),2015,Mental Health ED visits
Garrett,6367.1,All races/ ethnicities (aggregated),2015,Mental Health ED visits
Harford,2284.5,All races/ ethnicities (aggregated),2015,Mental Health ED visits
Howard,2216.8,All races/ ethnicities (aggregated),2015,Mental Health ED visits
Kent,4087.5,All races/ ethnicities (aggregated),2015,Mental Health ED visits
Montgomery,1621,All races/ ethnicities (aggregated),2015,Mental Health ED visits
Prince George's,1291.6,All races/ ethnicities (aggregated),2015,Mental Health ED visits
Queen Anne's,3399.9,All races/ ethnicities (aggregated),2015,Mental Health ED visits
Saint Mary's,4793.1,All races/ ethnicities (aggregated),2015,Mental Health ED visits
Somerset,4035.8,All races/ ethnicities (aggregated),2015,Mental Health ED visits
Talbot,3510.6,All races/ ethnicities (aggregated),2015,Mental Health ED visits
Washington,3555.4,All races/ ethnicities (aggregated),2015,Mental Health ED visits
Wicomico,3949.9,All races/ ethnicities (aggregated),2015,Mental Health ED visits
Worcester,5680.7,All races/ ethnicities (aggregated),2015,Mental Health ED visits
State,2907.5,Black,2015,Mental Health ED visits
Allegany,2374,Black,2015,Mental Health ED visits
Anne Arundel,3939.2,Black,2015,Mental Health ED visits
Baltimore City,5928.4,Black,2015,Mental Health ED visits
Baltimore County,2382.2,Black,2015,Mental Health ED visits
Caroline,3133.9,Black,2015,Mental Health ED visits
Carroll,3368.3,Black,2015,Mental Health ED visits
Cecil,5999.8,Black,2015,Mental Health ED visits
Charles,1435.8,Black,2015,Mental Health ED visits
Dorchester,7908.1,Black,2015,Mental Health ED visits
Frederick,3901.7,Black,2015,Mental Health ED visits
Garrett,,Black,2015,Mental Health ED visits
Harford,2419.3,Black,2015,Mental Health ED visits
Howard,2825.3,Black,2015,Mental Health ED visits
Kent,5292,Black,2015,Mental Health ED visits
Montgomery,1918.1,Black,2015,Mental Health ED visits
Prince George's,1298,Black,2015,Mental Health ED visits
Queen Anne's,4327.4,Black,2015,Mental Health ED visits
Saint Mary's,5280.3,Black,2015,Mental Health ED visits
Somerset,3275.3,Black,2015,Mental Health ED visits
Talbot,4418.4,Black,2015,Mental Health ED visits
Washington,2823.2,Black,2015,Mental Health ED visits
Wicomico,4374.7,Black,2015,Mental Health ED visits
Worcester,5840.9,Black,2015,Mental Health ED visits
State,,Hispanic,2015,Mental Health ED visits
Allegany,,Hispanic,2015,Mental Health ED visits
Anne Arundel,,Hispanic,2015,Mental Health ED visits
Baltimore City,,Hispanic,2015,Mental Health ED visits
Baltimore County,,Hispanic,2015,Mental Health ED visits
Calvert,,Hispanic,2015,Mental Health ED visits
Caroline,,Hispanic,2015,Mental Health ED visits
Carroll,,Hispanic,2015,Mental Health ED visits
Cecil,,Hispanic,2015,Mental Health ED visits
Charles,,Hispanic,2015,Mental Health ED visits
Dorchester,,Hispanic,2015,Mental Health ED visits
Frederick,,Hispanic,2015,Mental Health ED visits
Garrett,,Hispanic,2015,Mental Health ED visits
Harford,,Hispanic,2015,Mental Health ED visits
Howard,,Hispanic,2015,Mental Health ED visits
Kent,,Hispanic,2015,Mental Health ED visits
Montgomery,,Hispanic,2015,Mental Health ED visits
Prince George's,,Hispanic,2015,Mental Health ED visits
Queen Anne's,,Hispanic,2015,Mental Health ED visits
Saint Mary's,,Hispanic,2015,Mental Health ED visits
Somerset,,Hispanic,2015,Mental Health ED visits
Talbot,,Hispanic,2015,Mental Health ED visits
Washington,,Hispanic,2015,Mental Health ED visits
Wicomico,,Hispanic,2015,Mental Health ED visits
Worcester,,Hispanic,2015,Mental Health ED visits
State,2860.2,White,2015,Mental Health ED visits
Allegany,3957.2,White,2015,Mental Health ED visits
Anne Arundel,3661.7,White,2015,Mental Health ED visits
Baltimore City,5075.2,White,2015,Mental Health ED visits
Baltimore County,2692.7,White,2015,Mental Health ED visits
Calvert,2735.8,White,2015,Mental Health ED visits
Caroline,3777.8,White,2015,Mental Health ED visits
Carroll,2940.3,White,2015,Mental Health ED visits
Cecil,5054.3,White,2015,Mental Health ED visits
Charles,1887.5,White,2015,Mental Health ED visits
Dorchester,5933.5,White,2015,Mental Health ED visits
Frederick,3314.8,White,2015,Mental Health ED visits
Garrett,6340.4,White,2015,Mental Health ED visits
Harford,2173.9,White,2015,Mental Health ED visits
Howard,2275.9,White,2015,Mental Health ED visits
Kent,3721.9,White,2015,Mental Health ED visits
Montgomery,1517.9,White,2015,Mental Health ED visits
Prince George's,1135.4,White,2015,Mental Health ED visits
Queen Anne's,3310.5,White,2015,Mental Health ED visits
Saint Mary's,4770.3,White,2015,Mental Health ED visits
Somerset,4792.6,White,2015,Mental Health ED visits
Talbot,3270.8,White,2015,Mental Health ED visits
Washington,3573.1,White,2015,Mental Health ED visits
Wicomico,3813.6,White,2015,Mental Health ED visits
Worcester,5732.7,White,2015,Mental Health ED visits
State,388.1,Asian/ Pacific Islander,2015,Mental Health ED visits
Allegany,,Asian/ Pacific Islander,2015,Mental Health ED visits
Anne Arundel,716.3,Asian/ Pacific Islander,2015,Mental Health ED visits
Baltimore City,1132.9,Asian/ Pacific Islander,2015,Mental Health ED visits
Baltimore County,491.1,Asian/ Pacific Islander,2015,Mental Health ED visits
Calvert,,Asian/ Pacific Islander,2015,Mental Health ED visits
Caroline,,Asian/ Pacific Islander,2015,Mental Health ED visits
Carroll,,Asian/ Pacific Islander,2015,Mental Health ED visits
Cecil,,Asian/ Pacific Islander,2015,Mental Health ED visits
Charles,,Asian/ Pacific Islander,2015,Mental Health ED visits
Dorchester,,Asian/ Pacific Islander,2015,Mental Health ED visits
Frederick,464.2,Asian/ Pacific Islander,2015,Mental Health ED visits
Garrett,,Asian/ Pacific Islander,2015,Mental Health ED visits
Harford,,Asian/ Pacific Islander,2015,Mental Health ED visits
Howard,,Asian/ Pacific Islander,2015,Mental Health ED visits
Kent,,Asian/ Pacific Islander,2015,Mental Health ED visits
Montgomery,361.1,Asian/ Pacific Islander,2015,Mental Health ED visits
Prince George's,249.7,Asian/ Pacific Islander,2015,Mental Health ED visits
Queen Anne's,,Asian/ Pacific Islander,2015,Mental Health ED visits
Saint Mary's,,Asian/ Pacific Islander,2015,Mental Health ED visits
Somerset,,Asian/ Pacific Islander,2015,Mental Health ED visits
Talbot,,Asian/ Pacific Islander,2015,Mental Health ED visits
Washington,,Asian/ Pacific Islander,2015,Mental Health ED visits
Wicomico,,Asian/ Pacific Islander,2015,Mental Health ED visits
Worcester,,Asian/ Pacific Islander,2015,Mental Health ED visits
State,3442.6,All races/ ethnicities (aggregated),2014,Mental Health ED visits
Allegany,4722.9,All races/ ethnicities (aggregated),2014,Mental Health ED visits
Anne Arundel,4509.9,All races/ ethnicities (aggregated),2014,Mental Health ED visits
Baltimore City,6782,All races/ ethnicities (aggregated),2014,Mental Health ED visits
Baltimore County,2967.5,All races/ ethnicities (aggregated),2014,Mental Health ED visits
Calvert,2859.1,All races/ ethnicities (aggregated),2014,Mental Health ED visits
Caroline,4369.6,All races/ ethnicities (aggregated),2014,Mental Health ED visits
Carroll,3140.8,All races/ ethnicities (aggregated),2014,Mental Health ED visits
Cecil,5501.6,All races/ ethnicities (aggregated),2014,Mental Health ED visits
Charles,2346.9,All races/ ethnicities (aggregated),2014,Mental Health ED visits
Dorchester,8551.1,All races/ ethnicities (aggregated),2014,Mental Health ED visits
Frederick,3892,All races/ ethnicities (aggregated),2014,Mental Health ED visits
Garrett,7826.4,All races/ ethnicities (aggregated),2014,Mental Health ED visits
Harford,2853.4,All races/ ethnicities (aggregated),2014,Mental Health ED visits
Howard,2613.8,All races/ ethnicities (aggregated),2014,Mental Health ED visits
Kent,3590.3,All races/ ethnicities (aggregated),2014,Mental Health ED visits
Montgomery,1791.7,All races/ ethnicities (aggregated),2014,Mental Health ED visits
Prince George's,1539.3,All races/ ethnicities (aggregated),2014,Mental Health ED visits
Queen Anne's,3435.4,All races/ ethnicities (aggregated),2014,Mental Health ED visits
Saint Mary's,7006.8,All races/ ethnicities (aggregated),2014,Mental Health ED visits
Somerset,5665.2,All races/ ethnicities (aggregated),2014,Mental Health ED visits
Talbot,4444.2,All races/ ethnicities (aggregated),2014,Mental Health ED visits
Washington,5785.3,All races/ ethnicities (aggregated),2014,Mental Health ED visits
Wicomico,6207.9,All races/ ethnicities (aggregated),2014,Mental Health ED visits
Worcester,7509.3,All races/ ethnicities (aggregated),2014,Mental Health ED visits
State,2913.7,Black Non-Hispanic,2014,Mental Health ED visits
Allegany,2875.7,Black Non-Hispanic,2014,Mental Health ED visits
Anne Arundel,4504.5,Black Non-Hispanic,2014,Mental Health ED visits
Baltimore City,4954.7,Black Non-Hispanic,2014,Mental Health ED visits
Baltimore County,1725.2,Black Non-Hispanic,2014,Mental Health ED visits
Calvert,2788.2,Black Non-Hispanic,2014,Mental Health ED visits
Caroline,3486.8,Black Non-Hispanic,2014,Mental Health ED visits
Carroll,3107.1,Black Non-Hispanic,2014,Mental Health ED visits
Cecil,5536.3,Black Non-Hispanic,2014,Mental Health ED visits
Charles,1206.9,Black Non-Hispanic,2014,Mental Health ED visits
Dorchester,9870.6,Black Non-Hispanic,2014,Mental Health ED visits
Frederick,4729.1,Black Non-Hispanic,2014,Mental Health ED visits
Garrett,,Black Non-Hispanic,2014,Mental Health ED visits
Harford,2908.6,Black Non-Hispanic,2014,Mental Health ED visits
Howard,3223.3,Black Non-Hispanic,2014,Mental Health ED visits
Kent,4715.4,Black Non-Hispanic,2014,Mental Health ED visits
Montgomery,2213.8,Black Non-Hispanic,2014,Mental Health ED visits
Prince George's,1591.8,Black Non-Hispanic,2014,Mental Health ED visits
Queen Anne's,4052.3,Black Non-Hispanic,2014,Mental Health ED visits
Saint Mary's,8086,Black Non-Hispanic,2014,Mental Health ED visits
Somerset,3125.1,Black Non-Hispanic,2014,Mental Health ED visits
Talbot,5971.6,Black Non-Hispanic,2014,Mental Health ED visits
Washington,4848.6,Black Non-Hispanic,2014,Mental Health ED visits
Wicomico,7421.6,Black Non-Hispanic,2014,Mental Health ED visits
Worcester,7001.4,Black Non-Hispanic,2014,Mental Health ED visits
State,1093.8,Hispanic,2014,Mental Health ED visits
Allegany,,Hispanic,2014,Mental Health ED visits
Anne Arundel,2048.2,Hispanic,2014,Mental Health ED visits
Baltimore City,1300.8,Hispanic,2014,Mental Health ED visits
Baltimore County,722.3,Hispanic,2014,Mental Health ED visits
Calvert,,Hispanic,2014,Mental Health ED visits
Caroline,,Hispanic,2014,Mental Health ED visits
Carroll,1509.3,Hispanic,2014,Mental Health ED visits
Cecil,1937.1,Hispanic,2014,Mental Health ED visits
Charles,,Hispanic,2014,Mental Health ED visits
Dorchester,3507.1,Hispanic,2014,Mental Health ED visits
Frederick,1903.2,Hispanic,2014,Mental Health ED visits
Garrett,,Hispanic,2014,Mental Health ED visits
Harford,1654.6,Hispanic,2014,Mental Health ED visits
Howard,1784.4,Hispanic,2014,Mental Health ED visits
Kent,,Hispanic,2014,Mental Health ED visits
Montgomery,907,Hispanic,2014,Mental Health ED visits
Prince George's,601.2,Hispanic,2014,Mental Health ED visits
Queen Anne's,,Hispanic,2014,Mental Health ED visits
Saint Mary's,2809.4,Hispanic,2014,Mental Health ED visits
Somerset,,Hispanic,2014,Mental Health ED visits
Talbot,,Hispanic,2014,Mental Health ED visits
Washington,3643.7,Hispanic,2014,Mental Health ED visits
Wicomico,4373.8,Hispanic,2014,Mental Health ED visits
Worcester,,Hispanic,2014,Mental Health ED visits
State,3373.2,White Non-Hispanic,2014,Mental Health ED visits
Allegany,4851.2,White Non-Hispanic,2014,Mental Health ED visits
Anne Arundel,4450.5,White Non-Hispanic,2014,Mental Health ED visits
Baltimore City,3982.8,White Non-Hispanic,2014,Mental Health ED visits
Baltimore County,1670.3,White Non-Hispanic,2014,Mental Health ED visits
Calvert,2941.7,White Non-Hispanic,2014,Mental Health ED visits
Caroline,4731.4,White Non-Hispanic,2014,Mental Health ED visits
Carroll,3113.9,White Non-Hispanic,2014,Mental Health ED visits
Cecil,5656.7,White Non-Hispanic,2014,Mental Health ED visits
Charles,1843.9,White Non-Hispanic,2014,Mental Health ED visits
Dorchester,8180.3,White Non-Hispanic,2014,Mental Health ED visits
Frederick,4051.8,White Non-Hispanic,2014,Mental Health ED visits
Garrett,7748.8,White Non-Hispanic,2014,Mental Health ED visits
Harford,2661.6,White Non-Hispanic,2014,Mental Health ED visits
Howard,2743.2,White Non-Hispanic,2014,Mental Health ED visits
Kent,3515.4,White Non-Hispanic,2014,Mental Health ED visits
Montgomery,1875.7,White Non-Hispanic,2014,Mental Health ED visits
Prince George's,2381.9,White Non-Hispanic,2014,Mental Health ED visits
Queen Anne's,3449.8,White Non-Hispanic,2014,Mental Health ED visits
Saint Mary's,7086.9,White Non-Hispanic,2014,Mental Health ED visits
Somerset,4115.7,White Non-Hispanic,2014,Mental Health ED visits
Talbot,4510.9,White Non-Hispanic,2014,Mental Health ED visits
Washington,5947,White Non-Hispanic,2014,Mental Health ED visits
Wicomico,5883.9,White Non-Hispanic,2014,Mental Health ED visits
Worcester,7857.8,White Non-Hispanic,2014,Mental Health ED visits
State,324,Asian/ Pacific Islander Non-Hispanic,2014,Mental Health ED visits
Allegany,,Asian/ Pacific Islander Non-Hispanic,2014,Mental Health ED visits
Anne Arundel,787.1,Asian/ Pacific Islander Non-Hispanic,2014,Mental Health ED visits
Baltimore City,462,Asian/ Pacific Islander Non-Hispanic,2014,Mental Health ED visits
Baltimore County,156.7,Asian/ Pacific Islander Non-Hispanic,2014,Mental Health ED visits
Calvert,,Asian/ Pacific Islander Non-Hispanic,2014,Mental Health ED visits
Caroline,,Asian/ Pacific Islander Non-Hispanic,2014,Mental Health ED visits
Carroll,,Asian/ Pacific Islander Non-Hispanic,2014,Mental Health ED visits
Cecil,,Asian/ Pacific Islander Non-Hispanic,2014,Mental Health ED visits
Charles,,Asian/ Pacific Islander Non-Hispanic,2014,Mental Health ED visits
Dorchester,,Asian/ Pacific Islander Non-Hispanic,2014,Mental Health ED visits
Frederick,923.1,Asian/ Pacific Islander Non-Hispanic,2014,Mental Health ED visits
Garrett,,Asian/ Pacific Islander Non-Hispanic,2014,Mental Health ED visits
Harford,,Asian/ Pacific Islander Non-Hispanic,2014,Mental Health ED visits
Howard,,Asian/ Pacific Islander Non-Hispanic,2014,Mental Health ED visits
Kent,,Asian/ Pacific Islander Non-Hispanic,2014,Mental Health ED visits
Montgomery,356.3,Asian/ Pacific Islander Non-Hispanic,2014,Mental Health ED visits
Prince George's,191.2,Asian/ Pacific Islander Non-Hispanic,2014,Mental Health ED visits
Queen Anne's,,Asian/ Pacific Islander Non-Hispanic,2014,Mental Health ED visits
Saint Mary's,,Asian/ Pacific Islander Non-Hispanic,2014,Mental Health ED visits
Somerset,,Asian/ Pacific Islander Non-Hispanic,2014,Mental Health ED visits
Talbot,,Asian/ Pacific Islander Non-Hispanic,2014,Mental Health ED visits
Washington,,Asian/ Pacific Islander Non-Hispanic,2014,Mental Health ED visits
Wicomico,,Asian/ Pacific Islander Non-Hispanic,2014,Mental Health ED visits
Worcester,,Asian/ Pacific Islander Non-Hispanic,2014,Mental Health ED visits
State,3318.5,All races/ ethnicities (aggregated),2013,Mental Health ED visits
Allegany,4318.2,All races/ ethnicities (aggregated),2013,Mental Health ED visits
Anne Arundel,3829,All races/ ethnicities (aggregated),2013,Mental Health ED visits
Baltimore City,6301.7,All races/ ethnicities (aggregated),2013,Mental Health ED visits
Baltimore County,2883.2,All races/ ethnicities (aggregated),2013,Mental Health ED visits
Calvert,2478.2,All races/ ethnicities (aggregated),2013,Mental Health ED visits
Caroline,4484.5,All races/ ethnicities (aggregated),2013,Mental Health ED visits
Carroll,3368.5,All races/ ethnicities (aggregated),2013,Mental Health ED visits
Cecil,8901.6,All races/ ethnicities (aggregated),2013,Mental Health ED visits
Charles,3033,All races/ ethnicities (aggregated),2013,Mental Health ED visits
Dorchester,8571,All races/ ethnicities (aggregated),2013,Mental Health ED visits
Frederick,3788.9,All races/ ethnicities (aggregated),2013,Mental Health ED visits
Garrett,6910,All races/ ethnicities (aggregated),2013,Mental Health ED visits
Harford,3003.9,All races/ ethnicities (aggregated),2013,Mental Health ED visits
Howard,2222.3,All races/ ethnicities (aggregated),2013,Mental Health ED visits
Kent,3420.4,All races/ ethnicities (aggregated),2013,Mental Health ED visits
Montgomery,1527.6,All races/ ethnicities (aggregated),2013,Mental Health ED visits
Prince George's,1379.5,All races/ ethnicities (aggregated),2013,Mental Health ED visits
Queen Anne's,2986.2,All races/ ethnicities (aggregated),2013,Mental Health ED visits
Saint Mary's,6789.5,All races/ ethnicities (aggregated),2013,Mental Health ED visits
Somerset,5009.1,All races/ ethnicities (aggregated),2013,Mental Health ED visits
Talbot,4151,All races/ ethnicities (aggregated),2013,Mental Health ED visits
Washington,7168.4,All races/ ethnicities (aggregated),2013,Mental Health ED visits
Wicomico,6163.5,All races/ ethnicities (aggregated),2013,Mental Health ED visits
State,3546.5,White Non-Hispanic,2012,Mental Health ED visits
Worcester,6659.3,All races/ ethnicities (aggregated),2013,Mental Health ED visits
State,2965.7,Black Non-Hispanic,2013,Mental Health ED visits
Allegany,2355.3,Black Non-Hispanic,2013,Mental Health ED visits
Anne Arundel,3556.6,Black Non-Hispanic,2013,Mental Health ED visits
Baltimore City,5588.9,Black Non-Hispanic,2013,Mental Health ED visits
Baltimore County,2347.3,Black Non-Hispanic,2013,Mental Health ED visits
Calvert,2337.9,Black Non-Hispanic,2013,Mental Health ED visits
Caroline,3250.9,Black Non-Hispanic,2013,Mental Health ED visits
Carroll,4088.2,Black Non-Hispanic,2013,Mental Health ED visits
Cecil,8478.7,Black Non-Hispanic,2013,Mental Health ED visits
Charles,2140.3,Black Non-Hispanic,2013,Mental Health ED visits
Dorchester,10832.6,Black Non-Hispanic,2013,Mental Health ED visits
Frederick,4610.6,Black Non-Hispanic,2013,Mental Health ED visits
Garrett,,Black Non-Hispanic,2013,Mental Health ED visits
Harford,1737.7,Black Non-Hispanic,2013,Mental Health ED visits
Howard,2683.5,Black Non-Hispanic,2013,Mental Health ED visits
Kent,4016.2,Black Non-Hispanic,2013,Mental Health ED visits
Montgomery,1772.2,Black Non-Hispanic,2013,Mental Health ED visits
Prince George's,1400.5,Black Non-Hispanic,2013,Mental Health ED visits
Queen Anne's,3179.9,Black Non-Hispanic,2013,Mental Health ED visits
Saint Mary's,7443.4,Black Non-Hispanic,2013,Mental Health ED visits
Somerset,2407.5,Black Non-Hispanic,2013,Mental Health ED visits
Talbot,5179.2,Black Non-Hispanic,2013,Mental Health ED visits
Washington,5771.5,Black Non-Hispanic,2013,Mental Health ED visits
Wicomico,6860.1,Black Non-Hispanic,2013,Mental Health ED visits
Worcester,5646.4,Black Non-Hispanic,2013,Mental Health ED visits
State,1072.9,Hispanic,2013,Mental Health ED visits
Allegany,,Hispanic,2013,Mental Health ED visits
Anne Arundel,1461.9,Hispanic,2013,Mental Health ED visits
Baltimore City,1313.9,Hispanic,2013,Mental Health ED visits
Baltimore County,886.5,Hispanic,2013,Mental Health ED visits
Calvert,,Hispanic,2013,Mental Health ED visits
Caroline,,Hispanic,2013,Mental Health ED visits
Carroll,,Hispanic,2013,Mental Health ED visits
Cecil,2953.7,Hispanic,2013,Mental Health ED visits
Charles,677.6,Hispanic,2013,Mental Health ED visits
Dorchester,,Hispanic,2013,Mental Health ED visits
Frederick,1593.9,Hispanic,2013,Mental Health ED visits
Garrett,,Hispanic,2013,Mental Health ED visits
Harford,746.1,Hispanic,2013,Mental Health ED visits
Howard,1335.6,Hispanic,2013,Mental Health ED visits
Kent,,Hispanic,2013,Mental Health ED visits
Montgomery,665.8,Hispanic,2013,Mental Health ED visits
Prince George's,542.5,Hispanic,2013,Mental Health ED visits
Queen Anne's,,Hispanic,2013,Mental Health ED visits
Saint Mary's,2062.8,Hispanic,2013,Mental Health ED visits
Somerset,,Hispanic,2013,Mental Health ED visits
Talbot,,Hispanic,2013,Mental Health ED visits
Washington,2543,Hispanic,2013,Mental Health ED visits
Wicomico,4517.7,Hispanic,2013,Mental Health ED visits
Worcester,,Hispanic,2013,Mental Health ED visits
State,3463.3,White Non-Hispanic,2013,Mental Health ED visits
Allegany,4561,White Non-Hispanic,2013,Mental Health ED visits
Anne Arundel,3870,White Non-Hispanic,2013,Mental Health ED visits
Baltimore City,5106.5,White Non-Hispanic,2013,Mental Health ED visits
Baltimore County,2417.4,White Non-Hispanic,2013,Mental Health ED visits
Calvert,2580.2,White Non-Hispanic,2013,Mental Health ED visits
Caroline,4859.9,White Non-Hispanic,2013,Mental Health ED visits
Carroll,3382.5,White Non-Hispanic,2013,Mental Health ED visits
Cecil,8871.7,White Non-Hispanic,2013,Mental Health ED visits
Charles,3146.8,White Non-Hispanic,2013,Mental Health ED visits
Montgomery,670.1,Hispanic,2011,Mental Health ED visits
Dorchester,7904.4,White Non-Hispanic,2013,Mental Health ED visits
Frederick,3972,White Non-Hispanic,2013,Mental Health ED visits
Garrett,4322,White Non-Hispanic,2013,Mental Health ED visits
Harford,1713.7,White Non-Hispanic,2013,Mental Health ED visits
Howard,2430.7,White Non-Hispanic,2013,Mental Health ED visits
Kent,3453.4,White Non-Hispanic,2013,Mental Health ED visits
Montgomery,1542.4,White Non-Hispanic,2013,Mental Health ED visits
Prince George's,2097.2,White Non-Hispanic,2013,Mental Health ED visits
Queen Anne's,2958.5,White Non-Hispanic,2013,Mental Health ED visits
Saint Mary's,6998.6,White Non-Hispanic,2013,Mental Health ED visits
Somerset,3863,White Non-Hispanic,2013,Mental Health ED visits
Talbot,4305.9,White Non-Hispanic,2013,Mental Health ED visits
Washington,7455.3,White Non-Hispanic,2013,Mental Health ED visits
Wicomico,6289.4,White Non-Hispanic,2013,Mental Health ED visits
Worcester,7165.9,White Non-Hispanic,2013,Mental Health ED visits
State,353.2,Asian/ Pacific Islander Non-Hispanic,2013,Mental Health ED visits
Allegany,,Asian/ Pacific Islander Non-Hispanic,2013,Mental Health ED visits
Anne Arundel,813.8,Asian/ Pacific Islander Non-Hispanic,2013,Mental Health ED visits
Baltimore City,488.7,Asian/ Pacific Islander Non-Hispanic,2013,Mental Health ED visits
Baltimore County,210.7,Asian/ Pacific Islander Non-Hispanic,2013,Mental Health ED visits
Calvert,,Asian/ Pacific Islander Non-Hispanic,2013,Mental Health ED visits
Caroline,,Asian/ Pacific Islander Non-Hispanic,2013,Mental Health ED visits
Carroll,,Asian/ Pacific Islander Non-Hispanic,2013,Mental Health ED visits
Cecil,,Asian/ Pacific Islander Non-Hispanic,2013,Mental Health ED visits
Charles,,Asian/ Pacific Islander Non-Hispanic,2013,Mental Health ED visits
Dorchester,,Asian/ Pacific Islander Non-Hispanic,2013,Mental Health ED visits
Frederick,620.5,Asian/ Pacific Islander Non-Hispanic,2013,Mental Health ED visits
Garrett,,Asian/ Pacific Islander Non-Hispanic,2013,Mental Health ED visits
Harford,,Asian/ Pacific Islander Non-Hispanic,2013,Mental Health ED visits
Howard,236.7,Asian/ Pacific Islander Non-Hispanic,2013,Mental Health ED visits
Kent,,Asian/ Pacific Islander Non-Hispanic,2013,Mental Health ED visits
Montgomery,378.5,Asian/ Pacific Islander Non-Hispanic,2013,Mental Health ED visits
Prince George's,239,Asian/ Pacific Islander Non-Hispanic,2013,Mental Health ED visits
Queen Anne's,,Asian/ Pacific Islander Non-Hispanic,2013,Mental Health ED visits
Saint Mary's,,Asian/ Pacific Islander Non-Hispanic,2013,Mental Health ED visits
Somerset,,Asian/ Pacific Islander Non-Hispanic,2013,Mental Health ED visits
Talbot,,Asian/ Pacific Islander Non-Hispanic,2013,Mental Health ED visits
Washington,,Asian/ Pacific Islander Non-Hispanic,2013,Mental Health ED visits
Wicomico,,Asian/ Pacific Islander Non-Hispanic,2013,Mental Health ED visits
Worcester,,Asian/ Pacific Islander Non-Hispanic,2013,Mental Health ED visits
State,3500.6,All races/ ethnicities (aggregated),2012,Mental Health ED visits
Allegany,3107.8,All races/ ethnicities (aggregated),2012,Mental Health ED visits
Cecil,3773.3,Hispanic,2012,Mental Health ED visits
Anne Arundel,3803.4,All races/ ethnicities (aggregated),2012,Mental Health ED visits
Baltimore City,6323.8,All races/ ethnicities (aggregated),2012,Mental Health ED visits
Baltimore County,3665,All races/ ethnicities (aggregated),2012,Mental Health ED visits
Calvert,2501.5,All races/ ethnicities (aggregated),2012,Mental Health ED visits
Caroline,4587.7,All races/ ethnicities (aggregated),2012,Mental Health ED visits
Carroll,3087.7,All races/ ethnicities (aggregated),2012,Mental Health ED visits
Cecil,10570.8,All races/ ethnicities (aggregated),2012,Mental Health ED visits
Charles,2586.6,All races/ ethnicities (aggregated),2012,Mental Health ED visits
Dorchester,10089.4,All races/ ethnicities (aggregated),2012,Mental Health ED visits
Frederick,5282.6,All races/ ethnicities (aggregated),2012,Mental Health ED visits
Garrett,3106.1,All races/ ethnicities (aggregated),2012,Mental Health ED visits
Harford,4625,All races/ ethnicities (aggregated),2012,Mental Health ED visits
Howard,2266,All races/ ethnicities (aggregated),2012,Mental Health ED visits
Kent,3335.4,All races/ ethnicities (aggregated),2012,Mental Health ED visits
Montgomery,1339.4,All races/ ethnicities (aggregated),2012,Mental Health ED visits
Prince George's,1314.5,All races/ ethnicities (aggregated),2012,Mental Health ED visits
Queen Anne's,3280.3,All races/ ethnicities (aggregated),2012,Mental Health ED visits
Saint Mary's,6162.3,All races/ ethnicities (aggregated),2012,Mental Health ED visits
Somerset,5008.8,All races/ ethnicities (aggregated),2012,Mental Health ED visits
Talbot,4918,All races/ ethnicities (aggregated),2012,Mental Health ED visits
Washington,7472.1,All races/ ethnicities (aggregated),2012,Mental Health ED visits
Wicomico,6130.3,All races/ ethnicities (aggregated),2012,Mental Health ED visits
Worcester,6446.1,All races/ ethnicities (aggregated),2012,Mental Health ED visits
State,3105.7,Black Non-Hispanic,2012,Mental Health ED visits
Allegany,1757.8,Black Non-Hispanic,2012,Mental Health ED visits
Anne Arundel,2509.3,Black Non-Hispanic,2012,Mental Health ED visits
Baltimore City,6395.2,Black Non-Hispanic,2012,Mental Health ED visits
Baltimore County,3314.1,Black Non-Hispanic,2012,Mental Health ED visits
Calvert,2187.2,Black Non-Hispanic,2012,Mental Health ED visits
Caroline,3529.1,Black Non-Hispanic,2012,Mental Health ED visits
Carroll,3546,Black Non-Hispanic,2012,Mental Health ED visits
Cecil,8524.2,Black Non-Hispanic,2012,Mental Health ED visits
Charles,1419.4,Black Non-Hispanic,2012,Mental Health ED visits
Dorchester,11588.5,Black Non-Hispanic,2012,Mental Health ED visits
Frederick,7231.7,Black Non-Hispanic,2012,Mental Health ED visits
Garrett,,Black Non-Hispanic,2012,Mental Health ED visits
Harford,941.8,Black Non-Hispanic,2012,Mental Health ED visits
Howard,2733.1,Black Non-Hispanic,2012,Mental Health ED visits
Kent,3539,Black Non-Hispanic,2012,Mental Health ED visits
Montgomery,1256.4,Black Non-Hispanic,2012,Mental Health ED visits
Prince George's,1270.6,Black Non-Hispanic,2012,Mental Health ED visits
Queen Anne's,3451,Black Non-Hispanic,2012,Mental Health ED visits
Saint Mary's,6425.8,Black Non-Hispanic,2012,Mental Health ED visits
Somerset,2434.3,Black Non-Hispanic,2012,Mental Health ED visits
Talbot,4813,Black Non-Hispanic,2012,Mental Health ED visits
Washington,5675.5,Black Non-Hispanic,2012,Mental Health ED visits
Wicomico,6774.4,Black Non-Hispanic,2012,Mental Health ED visits
Worcester,5144.7,Black Non-Hispanic,2012,Mental Health ED visits
State,1147.3,Hispanic,2012,Mental Health ED visits
Allegany,,Hispanic,2012,Mental Health ED visits
Anne Arundel,731,Hispanic,2012,Mental Health ED visits
Baltimore City,1538.2,Hispanic,2012,Mental Health ED visits
Baltimore County,906.5,Hispanic,2012,Mental Health ED visits
Calvert,,Hispanic,2012,Mental Health ED visits
Caroline,32180.2,Hispanic,2012,Mental Health ED visits
Carroll,,Hispanic,2012,Mental Health ED visits
Charles,,Hispanic,2012,Mental Health ED visits
Dorchester,41803,Hispanic,2012,Mental Health ED visits
Frederick,1699.8,Hispanic,2012,Mental Health ED visits
Garrett,,Hispanic,2012,Mental Health ED visits
Harford,,Hispanic,2012,Mental Health ED visits
Howard,1106.4,Hispanic,2012,Mental Health ED visits
Kent,,Hispanic,2012,Mental Health ED visits
Montgomery,572.3,Hispanic,2012,Mental Health ED visits
Prince George's,586.4,Hispanic,2012,Mental Health ED visits
Queen Anne's,16998.9,Hispanic,2012,Mental Health ED visits
Saint Mary's,1805,Hispanic,2012,Mental Health ED visits
Somerset,,Hispanic,2012,Mental Health ED visits
Talbot,24357.8,Hispanic,2012,Mental Health ED visits
Washington,2835.9,Hispanic,2012,Mental Health ED visits
Wicomico,4371,Hispanic,2012,Mental Health ED visits
Worcester,,Hispanic,2012,Mental Health ED visits
Allegany,3388.2,White Non-Hispanic,2012,Mental Health ED visits
Anne Arundel,2728.3,White Non-Hispanic,2012,Mental Health ED visits
Baltimore City,6969.2,White Non-Hispanic,2012,Mental Health ED visits
Baltimore County,4189.3,White Non-Hispanic,2012,Mental Health ED visits
Calvert,2301,White Non-Hispanic,2012,Mental Health ED visits
Caroline,3434,White Non-Hispanic,2012,Mental Health ED visits
Carroll,3140.9,White Non-Hispanic,2012,Mental Health ED visits
Cecil,9674.5,White Non-Hispanic,2012,Mental Health ED visits
Charles,1954.4,White Non-Hispanic,2012,Mental Health ED visits
Dorchester,6970.9,White Non-Hispanic,2012,Mental Health ED visits
Frederick,5519.2,White Non-Hispanic,2012,Mental Health ED visits
Garrett,3151,White Non-Hispanic,2012,Mental Health ED visits
Harford,810.5,White Non-Hispanic,2012,Mental Health ED visits
Howard,2565.2,White Non-Hispanic,2012,Mental Health ED visits
Kent,2427.5,White Non-Hispanic,2012,Mental Health ED visits
Montgomery,1076,White Non-Hispanic,2012,Mental Health ED visits
Prince George's,1646.1,White Non-Hispanic,2012,Mental Health ED visits
Queen Anne's,1706.5,White Non-Hispanic,2012,Mental Health ED visits
Saint Mary's,6355,White Non-Hispanic,2012,Mental Health ED visits
Somerset,3885.7,White Non-Hispanic,2012,Mental Health ED visits
Talbot,3829.9,White Non-Hispanic,2012,Mental Health ED visits
Washington,7888.9,White Non-Hispanic,2012,Mental Health ED visits
Wicomico,6202.1,White Non-Hispanic,2012,Mental Health ED visits
Worcester,6920.2,White Non-Hispanic,2012,Mental Health ED visits
State,290.5,Asian/ Pacific Islander Non-Hispanic,2012,Mental Health ED visits
Allegany,,Asian/ Pacific Islander Non-Hispanic,2012,Mental Health ED visits
Anne Arundel,391.8,Asian/ Pacific Islander Non-Hispanic,2012,Mental Health ED visits
Baltimore City,477.7,Asian/ Pacific Islander Non-Hispanic,2012,Mental Health ED visits
Baltimore County,222.9,Asian/ Pacific Islander Non-Hispanic,2012,Mental Health ED visits
Calvert,,Asian/ Pacific Islander Non-Hispanic,2012,Mental Health ED visits
Caroline,,Asian/ Pacific Islander Non-Hispanic,2012,Mental Health ED visits
Carroll,,Asian/ Pacific Islander Non-Hispanic,2012,Mental Health ED visits
Cecil,,Asian/ Pacific Islander Non-Hispanic,2012,Mental Health ED visits
Charles,,Asian/ Pacific Islander Non-Hispanic,2012,Mental Health ED visits
Dorchester,,Asian/ Pacific Islander Non-Hispanic,2012,Mental Health ED visits
Frederick,735.5,Asian/ Pacific Islander Non-Hispanic,2012,Mental Health ED visits
Garrett,,Asian/ Pacific Islander Non-Hispanic,2012,Mental Health ED visits
Harford,,Asian/ Pacific Islander Non-Hispanic,2012,Mental Health ED visits
Howard,522.1,Asian/ Pacific Islander Non-Hispanic,2012,Mental Health ED visits
Kent,,Asian/ Pacific Islander Non-Hispanic,2012,Mental Health ED visits
Montgomery,227.3,Asian/ Pacific Islander Non-Hispanic,2012,Mental Health ED visits
Prince George's,185.6,Asian/ Pacific Islander Non-Hispanic,2012,Mental Health ED visits
Queen Anne's,,Asian/ Pacific Islander Non-Hispanic,2012,Mental Health ED visits
Saint Mary's,,Asian/ Pacific Islander Non-Hispanic,2012,Mental Health ED visits
Somerset,,Asian/ Pacific Islander Non-Hispanic,2012,Mental Health ED visits
Talbot,,Asian/ Pacific Islander Non-Hispanic,2012,Mental Health ED visits
Washington,,Asian/ Pacific Islander Non-Hispanic,2012,Mental Health ED visits
Wicomico,,Asian/ Pacific Islander Non-Hispanic,2012,Mental Health ED visits
Worcester,,Asian/ Pacific Islander Non-Hispanic,2012,Mental Health ED visits
State,3211.2,All races/ ethnicities (aggregated),2011,Mental Health ED visits
Allegany,2797.5,All races/ ethnicities (aggregated),2011,Mental Health ED visits
Anne Arundel,3530.2,All races/ ethnicities (aggregated),2011,Mental Health ED visits
Baltimore City,5851,All races/ ethnicities (aggregated),2011,Mental Health ED visits
Baltimore County,3412.8,All races/ ethnicities (aggregated),2011,Mental Health ED visits
Calvert,2014.6,All races/ ethnicities (aggregated),2011,Mental Health ED visits
Caroline,4581.1,All races/ ethnicities (aggregated),2011,Mental Health ED visits
Carroll,3812.2,All races/ ethnicities (aggregated),2011,Mental Health ED visits
Cecil,9974.8,All races/ ethnicities (aggregated),2011,Mental Health ED visits
Charles,1845.7,All races/ ethnicities (aggregated),2011,Mental Health ED visits
Dorchester,6762.9,All races/ ethnicities (aggregated),2011,Mental Health ED visits
Frederick,3126.6,All races/ ethnicities (aggregated),2011,Mental Health ED visits
Garrett,1525.4,All races/ ethnicities (aggregated),2011,Mental Health ED visits
Harford,4257.5,All races/ ethnicities (aggregated),2011,Mental Health ED visits
Howard,2249.2,All races/ ethnicities (aggregated),2011,Mental Health ED visits
Kent,3327.2,All races/ ethnicities (aggregated),2011,Mental Health ED visits
Montgomery,1290.9,All races/ ethnicities (aggregated),2011,Mental Health ED visits
Prince George's,1304.3,All races/ ethnicities (aggregated),2011,Mental Health ED visits
Queen Anne's,2989.8,All races/ ethnicities (aggregated),2011,Mental Health ED visits
Saint Mary's,5916.2,All races/ ethnicities (aggregated),2011,Mental Health ED visits
Somerset,4605.4,All races/ ethnicities (aggregated),2011,Mental Health ED visits
Talbot,4698.8,All races/ ethnicities (aggregated),2011,Mental Health ED visits
Washington,7318.2,All races/ ethnicities (aggregated),2011,Mental Health ED visits
Wicomico,5569.5,All races/ ethnicities (aggregated),2011,Mental Health ED visits
Worcester,6132.7,All races/ ethnicities (aggregated),2011,Mental Health ED visits
State,2820.3,Black Non-Hispanic,2011,Mental Health ED visits
Allegany,1724.5,Black Non-Hispanic,2011,Mental Health ED visits
Anne Arundel,2350.5,Black Non-Hispanic,2011,Mental Health ED visits
Baltimore City,5912.8,Black Non-Hispanic,2011,Mental Health ED visits
Baltimore County,2983.5,Black Non-Hispanic,2011,Mental Health ED visits
Calvert,1787.1,Black Non-Hispanic,2011,Mental Health ED visits
Caroline,4603.9,Black Non-Hispanic,2011,Mental Health ED visits
Carroll,3675.6,Black Non-Hispanic,2011,Mental Health ED visits
Cecil,8778.6,Black Non-Hispanic,2011,Mental Health ED visits
Charles,1019.5,Black Non-Hispanic,2011,Mental Health ED visits
Dorchester,8599,Black Non-Hispanic,2011,Mental Health ED visits
Frederick,3804.2,Black Non-Hispanic,2011,Mental Health ED visits
Garrett,,Black Non-Hispanic,2011,Mental Health ED visits
Harford,2504.8,Black Non-Hispanic,2011,Mental Health ED visits
Howard,2640.5,Black Non-Hispanic,2011,Mental Health ED visits
Kent,4165.7,Black Non-Hispanic,2011,Mental Health ED visits
Montgomery,1259,Black Non-Hispanic,2011,Mental Health ED visits
Prince George's,1042.1,Black Non-Hispanic,2011,Mental Health ED visits
Queen Anne's,3991.9,Black Non-Hispanic,2011,Mental Health ED visits
Saint Mary's,5963.5,Black Non-Hispanic,2011,Mental Health ED visits
Somerset,2092.7,Black Non-Hispanic,2011,Mental Health ED visits
Talbot,5454,Black Non-Hispanic,2011,Mental Health ED visits
Washington,5334.9,Black Non-Hispanic,2011,Mental Health ED visits
Wicomico,6079.7,Black Non-Hispanic,2011,Mental Health ED visits
Worcester,5552.2,Black Non-Hispanic,2011,Mental Health ED visits
State,739.8,Hispanic,2011,Mental Health ED visits
Allegany,,Hispanic,2011,Mental Health ED visits
Anne Arundel,730.6,Hispanic,2011,Mental Health ED visits
Baltimore City,1108.7,Hispanic,2011,Mental Health ED visits
Baltimore County,778.5,Hispanic,2011,Mental Health ED visits
Calvert,,Hispanic,2011,Mental Health ED visits
Caroline,,Hispanic,2011,Mental Health ED visits
Carroll,,Hispanic,2011,Mental Health ED visits
Cecil,3166.2,Hispanic,2011,Mental Health ED visits
Charles,,Hispanic,2011,Mental Health ED visits
Dorchester,,Hispanic,2011,Mental Health ED visits
Frederick,1026.4,Hispanic,2011,Mental Health ED visits
Garrett,,Hispanic,2011,Mental Health ED visits
Harford,900.7,Hispanic,2011,Mental Health ED visits
Howard,1240.1,Hispanic,2011,Mental Health ED visits
Kent,,Hispanic,2011,Mental Health ED visits
Prince George's,474.7,Hispanic,2011,Mental Health ED visits
Queen Anne's,,Hispanic,2011,Mental Health ED visits
Saint Mary's,2409.8,Hispanic,2011,Mental Health ED visits
Somerset,,Hispanic,2011,Mental Health ED visits
Talbot,,Hispanic,2011,Mental Health ED visits
Washington,3158.5,Hispanic,2011,Mental Health ED visits
Wicomico,1333.2,Hispanic,2011,Mental Health ED visits
Worcester,,Hispanic,2011,Mental Health ED visits
State,3473,White Non-Hispanic,2011,Mental Health ED visits
Allegany,3061.1,White Non-Hispanic,2011,Mental Health ED visits
Anne Arundel,2712.3,White Non-Hispanic,2011,Mental Health ED visits
Baltimore City,6680,White Non-Hispanic,2011,Mental Health ED visits
Baltimore County,3974.7,White Non-Hispanic,2011,Mental Health ED visits
Calvert,1798,White Non-Hispanic,2011,Mental Health ED visits
Caroline,4791.1,White Non-Hispanic,2011,Mental Health ED visits
Carroll,3938.3,White Non-Hispanic,2011,Mental Health ED visits
Cecil,9829.1,White Non-Hispanic,2011,Mental Health ED visits
Charles,1328.3,White Non-Hispanic,2011,Mental Health ED visits
Dorchester,6109.1,White Non-Hispanic,2011,Mental Health ED visits
Frederick,3296.4,White Non-Hispanic,2011,Mental Health ED visits
Garrett,1542.4,White Non-Hispanic,2011,Mental Health ED visits
Harford,2856.5,White Non-Hispanic,2011,Mental Health ED visits
Howard,2577.3,White Non-Hispanic,2011,Mental Health ED visits
Kent,3213.7,White Non-Hispanic,2011,Mental Health ED visits
Montgomery,1045.1,White Non-Hispanic,2011,Mental Health ED visits
Prince George's,1573.5,White Non-Hispanic,2011,Mental Health ED visits
Queen Anne's,2244.2,White Non-Hispanic,2011,Mental Health ED visits
Saint Mary's,6118.6,White Non-Hispanic,2011,Mental Health ED visits
Somerset,3570,White Non-Hispanic,2011,Mental Health ED visits
Talbot,4931.7,White Non-Hispanic,2011,Mental Health ED visits
Washington,7633.9,White Non-Hispanic,2011,Mental Health ED visits
Wicomico,5784.3,White Non-Hispanic,2011,Mental Health ED visits
Worcester,6449.7,White Non-Hispanic,2011,Mental Health ED visits
State,298.8,Asian/ Pacific Islander Non-Hispanic,2011,Mental Health ED visits
Allegany,,Asian/ Pacific Islander Non-Hispanic,2011,Mental Health ED visits
Anne Arundel,430.7,Asian/ Pacific Islander Non-Hispanic,2011,Mental Health ED visits
Baltimore City,487.4,Asian/ Pacific Islander Non-Hispanic,2011,Mental Health ED visits
Baltimore County,219.6,Asian/ Pacific Islander Non-Hispanic,2011,Mental Health ED visits
Calvert,,Asian/ Pacific Islander Non-Hispanic,2011,Mental Health ED visits
Caroline,,Asian/ Pacific Islander Non-Hispanic,2011,Mental Health ED visits
Carroll,,Asian/ Pacific Islander Non-Hispanic,2011,Mental Health ED visits
Cecil,,Asian/ Pacific Islander Non-Hispanic,2011,Mental Health ED visits
Charles,,Asian/ Pacific Islander Non-Hispanic,2011,Mental Health ED visits
Dorchester,,Asian/ Pacific Islander Non-Hispanic,2011,Mental Health ED visits
Frederick,588.1,Asian/ Pacific Islander Non-Hispanic,2011,Mental Health ED visits
Garrett,,Asian/ Pacific Islander Non-Hispanic,2011,Mental Health ED visits
Harford,,Asian/ Pacific Islander Non-Hispanic,2011,Mental Health ED visits
Howard,499.3,Asian/ Pacific Islander Non-Hispanic,2011,Mental Health ED visits
Kent,,Asian/ Pacific Islander Non-Hispanic,2011,Mental Health ED visits
Montgomery,261.1,Asian/ Pacific Islander Non-Hispanic,2011,Mental Health ED visits
Prince George's,147.3,Asian/ Pacific Islander Non-Hispanic,2011,Mental Health ED visits
Queen Anne's,,Asian/ Pacific Islander Non-Hispanic,2011,Mental Health ED visits
Saint Mary's,,Asian/ Pacific Islander Non-Hispanic,2011,Mental Health ED visits
Somerset,,Asian/ Pacific Islander Non-Hispanic,2011,Mental Health ED visits
Talbot,,Asian/ Pacific Islander Non-Hispanic,2011,Mental Health ED visits
Washington,,Asian/ Pacific Islander Non-Hispanic,2011,Mental Health ED visits
Wicomico,,Asian/ Pacific Islander Non-Hispanic,2011,Mental Health ED visits
Calvert,,Hispanic,2010,Mental Health ED visits
Worcester,,Asian/ Pacific Islander Non-Hispanic,2011,Mental Health ED visits
State,2780.8,All races/ ethnicities (aggregated),2010,Mental Health ED visits
Allegany,2320.6,All races/ ethnicities (aggregated),2010,Mental Health ED visits
Anne Arundel,3397.7,All races/ ethnicities (aggregated),2010,Mental Health ED visits
Baltimore City,5131.2,All races/ ethnicities (aggregated),2010,Mental Health ED visits
Baltimore County,2959.4,All races/ ethnicities (aggregated),2010,Mental Health ED visits
Calvert,1795.7,All races/ ethnicities (aggregated),2010,Mental Health ED visits
Caroline,4222.8,All races/ ethnicities (aggregated),2010,Mental Health ED visits
Carroll,2755.9,All races/ ethnicities (aggregated),2010,Mental Health ED visits
Cecil,7085.5,All races/ ethnicities (aggregated),2010,Mental Health ED visits
Charles,2561.2,All races/ ethnicities (aggregated),2010,Mental Health ED visits
Dorchester,6870.5,All races/ ethnicities (aggregated),2010,Mental Health ED visits
Frederick,1448.1,All races/ ethnicities (aggregated),2010,Mental Health ED visits
Garrett,1764.3,All races/ ethnicities (aggregated),2010,Mental Health ED visits
Harford,4082.5,All races/ ethnicities (aggregated),2010,Mental Health ED visits
Howard,2068.3,All races/ ethnicities (aggregated),2010,Mental Health ED visits
Kent,2786.4,All races/ ethnicities (aggregated),2010,Mental Health ED visits
Montgomery,1111.3,All races/ ethnicities (aggregated),2010,Mental Health ED visits
Prince George's,1206.2,All races/ ethnicities (aggregated),2010,Mental Health ED visits
Queen Anne's,2159.5,All races/ ethnicities (aggregated),2010,Mental Health ED visits
Saint Mary's,4817.3,All races/ ethnicities (aggregated),2010,Mental Health ED visits
Somerset,4606.5,All races/ ethnicities (aggregated),2010,Mental Health ED visits
Talbot,4301.3,All races/ ethnicities (aggregated),2010,Mental Health ED visits
Washington,6730.6,All races/ ethnicities (aggregated),2010,Mental Health ED visits
Wicomico,4662.9,All races/ ethnicities (aggregated),2010,Mental Health ED visits
Worcester,3149.1,All races/ ethnicities (aggregated),2010,Mental Health ED visits
State,2431.8,Black Non-Hispanic,2010,Mental Health ED visits
Allegany,1172.2,Black Non-Hispanic,2010,Mental Health ED visits
Anne Arundel,2205.6,Black Non-Hispanic,2010,Mental Health ED visits
Baltimore City,5011.7,Black Non-Hispanic,2010,Mental Health ED visits
Baltimore County,2466.2,Black Non-Hispanic,2010,Mental Health ED visits
Calvert,1480.6,Black Non-Hispanic,2010,Mental Health ED visits
Caroline,4021.6,Black Non-Hispanic,2010,Mental Health ED visits
Carroll,2982.1,Black Non-Hispanic,2010,Mental Health ED visits
Cecil,6143.9,Black Non-Hispanic,2010,Mental Health ED visits
Charles,787.5,Black Non-Hispanic,2010,Mental Health ED visits
Dorchester,8430.9,Black Non-Hispanic,2010,Mental Health ED visits
Frederick,1646.9,Black Non-Hispanic,2010,Mental Health ED visits
Garrett,,Black Non-Hispanic,2010,Mental Health ED visits
Harford,3081.8,Black Non-Hispanic,2010,Mental Health ED visits
Howard,2393.3,Black Non-Hispanic,2010,Mental Health ED visits
Kent,3666.3,Black Non-Hispanic,2010,Mental Health ED visits
Montgomery,1312.7,Black Non-Hispanic,2010,Mental Health ED visits
Prince George's,882.4,Black Non-Hispanic,2010,Mental Health ED visits
Queen Anne's,1830.8,Black Non-Hispanic,2010,Mental Health ED visits
Saint Mary's,5015.9,Black Non-Hispanic,2010,Mental Health ED visits
Somerset,1855.5,Black Non-Hispanic,2010,Mental Health ED visits
Talbot,5818.7,Black Non-Hispanic,2010,Mental Health ED visits
Washington,5385.7,Black Non-Hispanic,2010,Mental Health ED visits
Wicomico,5393.5,Black Non-Hispanic,2010,Mental Health ED visits
Worcester,2617.7,Black Non-Hispanic,2010,Mental Health ED visits
State,667.8,Hispanic,2010,Mental Health ED visits
Allegany,,Hispanic,2010,Mental Health ED visits
Anne Arundel,630.3,Hispanic,2010,Mental Health ED visits
Baltimore City,1052,Hispanic,2010,Mental Health ED visits
Baltimore County,844.3,Hispanic,2010,Mental Health ED visits
Caroline,,Hispanic,2010,Mental Health ED visits
Carroll,,Hispanic,2010,Mental Health ED visits
Cecil,2181.9,Hispanic,2010,Mental Health ED visits
Charles,,Hispanic,2010,Mental Health ED visits
Dorchester,,Hispanic,2010,Mental Health ED visits
Frederick,611.2,Hispanic,2010,Mental Health ED visits
Garrett,,Hispanic,2010,Mental Health ED visits
Harford,1343.5,Hispanic,2010,Mental Health ED visits
Howard,1102.7,Hispanic,2010,Mental Health ED visits
Kent,,Hispanic,2010,Mental Health ED visits
Montgomery,607.9,Hispanic,2010,Mental Health ED visits
Prince George's,389.4,Hispanic,2010,Mental Health ED visits
Queen Anne's,,Hispanic,2010,Mental Health ED visits
Saint Mary's,2302.7,Hispanic,2010,Mental Health ED visits
Somerset,,Hispanic,2010,Mental Health ED visits
Talbot,,Hispanic,2010,Mental Health ED visits
Washington,3331.3,Hispanic,2010,Mental Health ED visits
Wicomico,1429,Hispanic,2010,Mental Health ED visits
Worcester,,Hispanic,2010,Mental Health ED visits
State,2964.5,White Non-Hispanic,2010,Mental Health ED visits
Allegany,2555.9,White Non-Hispanic,2010,Mental Health ED visits
Anne Arundel,2575.7,White Non-Hispanic,2010,Mental Health ED visits
Baltimore City,6283.1,White Non-Hispanic,2010,Mental Health ED visits
Baltimore County,3467.6,White Non-Hispanic,2010,Mental Health ED visits
Calvert,1600.3,White Non-Hispanic,2010,Mental Health ED visits
Caroline,4393.4,White Non-Hispanic,2010,Mental Health ED visits
Carroll,2816.2,White Non-Hispanic,2010,Mental Health ED visits
Cecil,7136,White Non-Hispanic,2010,Mental Health ED visits
Charles,1125.3,White Non-Hispanic,2010,Mental Health ED visits
Dorchester,6509.9,White Non-Hispanic,2010,Mental Health ED visits
Frederick,1510.8,White Non-Hispanic,2010,Mental Health ED visits
Garrett,1783.2,White Non-Hispanic,2010,Mental Health ED visits
Harford,3522.5,White Non-Hispanic,2010,Mental Health ED visits
Howard,2357.2,White Non-Hispanic,2010,Mental Health ED visits
Kent,2442.4,White Non-Hispanic,2010,Mental Health ED visits
Montgomery,968.3,White Non-Hispanic,2010,Mental Health ED visits
Prince George's,1245.7,White Non-Hispanic,2010,Mental Health ED visits
Queen Anne's,1148.4,White Non-Hispanic,2010,Mental Health ED visits
Saint Mary's,4754.7,White Non-Hispanic,2010,Mental Health ED visits
Somerset,3084.6,White Non-Hispanic,2010,Mental Health ED visits
Talbot,4297.9,White Non-Hispanic,2010,Mental Health ED visits
Washington,7051.9,White Non-Hispanic,2010,Mental Health ED visits
Wicomico,4600.8,White Non-Hispanic,2010,Mental Health ED visits
Worcester,2347.7,White Non-Hispanic,2010,Mental Health ED visits
State,262.2,Asian/ Pacific Islander Non-Hispanic,2010,Mental Health ED visits
Allegany,,Asian/ Pacific Islander Non-Hispanic,2010,Mental Health ED visits
Anne Arundel,329.1,Asian/ Pacific Islander Non-Hispanic,2010,Mental Health ED visits
Baltimore City,383.7,Asian/ Pacific Islander Non-Hispanic,2010,Mental Health ED visits
Baltimore County,207.9,Asian/ Pacific Islander Non-Hispanic,2010,Mental Health ED visits
Calvert,,Asian/ Pacific Islander Non-Hispanic,2010,Mental Health ED visits
Caroline,,Asian/ Pacific Islander Non-Hispanic,2010,Mental Health ED visits
Carroll,,Asian/ Pacific Islander Non-Hispanic,2010,Mental Health ED visits
Cecil,,Asian/ Pacific Islander Non-Hispanic,2010,Mental Health ED visits
Charles,,Asian/ Pacific Islander Non-Hispanic,2010,Mental Health ED visits
Dorchester,,Asian/ Pacific Islander Non-Hispanic,2010,Mental Health ED visits
Frederick,,Asian/ Pacific Islander Non-Hispanic,2010,Mental Health ED visits
Garrett,,Asian/ Pacific Islander Non-Hispanic,2010,Mental Health ED visits
Harford,,Asian/ Pacific Islander Non-Hispanic,2010,Mental Health ED visits
Howard,473.6,Asian/ Pacific Islander Non-Hispanic,2010,Mental Health ED visits
Kent,,Asian/ Pacific Islander Non-Hispanic,2010,Mental Health ED visits
Montgomery,224.2,Asian/ Pacific Islander Non-Hispanic,2010,Mental Health ED visits
Prince George's,129.2,Asian/ Pacific Islander Non-Hispanic,2010,Mental Health ED visits
Queen Anne's,,Asian/ Pacific Islander Non-Hispanic,2010,Mental Health ED visits
Saint Mary's,,Asian/ Pacific Islander Non-Hispanic,2010,Mental Health ED visits
Somerset,,Asian/ Pacific Islander Non-Hispanic,2010,Mental Health ED visits
Talbot,,Asian/ Pacific Islander Non-Hispanic,2010,Mental Health ED visits
Washington,,Asian/ Pacific Islander Non-Hispanic,2010,Mental Health ED visits
Wicomico,,Asian/ Pacific Islander Non-Hispanic,2010,Mental Health ED visits
Worcester,,Asian/ Pacific Islander Non-Hispanic,2010,Mental Health ED visits
State,2550.9,All races/ ethnicities (aggregated),2009,Mental Health ED visits
Allegany,3523.1,All races/ ethnicities (aggregated),2009,Mental Health ED visits
Anne Arundel,3405.2,All races/ ethnicities (aggregated),2009,Mental Health ED visits
Baltimore City,4500.7,All races/ ethnicities (aggregated),2009,Mental Health ED visits
Baltimore County,2981.8,All races/ ethnicities (aggregated),2009,Mental Health ED visits
Calvert,1390.4,All races/ ethnicities (aggregated),2009,Mental Health ED visits
Caroline,4339.9,All races/ ethnicities (aggregated),2009,Mental Health ED visits
Carroll,1642.4,All races/ ethnicities (aggregated),2009,Mental Health ED visits
Cecil,5808,All races/ ethnicities (aggregated),2009,Mental Health ED visits
Charles,2482.4,All races/ ethnicities (aggregated),2009,Mental Health ED visits
Dorchester,6723.6,All races/ ethnicities (aggregated),2009,Mental Health ED visits
Frederick,1371.1,All races/ ethnicities (aggregated),2009,Mental Health ED visits
Garrett,1864.7,All races/ ethnicities (aggregated),2009,Mental Health ED visits
Harford,4312.4,All races/ ethnicities (aggregated),2009,Mental Health ED visits
Howard,1889.8,All races/ ethnicities (aggregated),2009,Mental Health ED visits
Kent,2887.4,All races/ ethnicities (aggregated),2009,Mental Health ED visits
Montgomery,1050.5,All races/ ethnicities (aggregated),2009,Mental Health ED visits
Prince George's,1110.9,All races/ ethnicities (aggregated),2009,Mental Health ED visits
Queen Anne's,2420.3,All races/ ethnicities (aggregated),2009,Mental Health ED visits
Saint Mary's,1826.2,All races/ ethnicities (aggregated),2009,Mental Health ED visits
Somerset,4168.7,All races/ ethnicities (aggregated),2009,Mental Health ED visits
Talbot,4892.6,All races/ ethnicities (aggregated),2009,Mental Health ED visits
Washington,4968.9,All races/ ethnicities (aggregated),2009,Mental Health ED visits
Wicomico,4208.3,All races/ ethnicities (aggregated),2009,Mental Health ED visits
Worcester,2744.3,All races/ ethnicities (aggregated),2009,Mental Health ED visits
State,2249.6,Black Non-Hispanic,2009,Mental Health ED visits
Allegany,2050.3,Black Non-Hispanic,2009,Mental Health ED visits
Anne Arundel,2599.9,Black Non-Hispanic,2009,Mental Health ED visits
Baltimore City,4370.3,Black Non-Hispanic,2009,Mental Health ED visits
Baltimore County,2630.7,Black Non-Hispanic,2009,Mental Health ED visits
Calvert,1138.8,Black Non-Hispanic,2009,Mental Health ED visits
Caroline,4531,Black Non-Hispanic,2009,Mental Health ED visits
Carroll,2024.7,Black Non-Hispanic,2009,Mental Health ED visits
Cecil,4346.6,Black Non-Hispanic,2009,Mental Health ED visits
Charles,1168.7,Black Non-Hispanic,2009,Mental Health ED visits
Dorchester,7903.4,Black Non-Hispanic,2009,Mental Health ED visits
Frederick,1574.1,Black Non-Hispanic,2009,Mental Health ED visits
Garrett,,Black Non-Hispanic,2009,Mental Health ED visits
Harford,3216.4,Black Non-Hispanic,2009,Mental Health ED visits
Howard,2336.9,Black Non-Hispanic,2009,Mental Health ED visits
Kent,3815.2,Black Non-Hispanic,2009,Mental Health ED visits
Montgomery,1311.7,Black Non-Hispanic,2009,Mental Health ED visits
Prince George's,791.1,Black Non-Hispanic,2009,Mental Health ED visits
Queen Anne's,2351,Black Non-Hispanic,2009,Mental Health ED visits
Saint Mary's,2106.2,Black Non-Hispanic,2009,Mental Health ED visits
Somerset,1649,Black Non-Hispanic,2009,Mental Health ED visits
Talbot,6189.1,Black Non-Hispanic,2009,Mental Health ED visits
Washington,3930.7,Black Non-Hispanic,2009,Mental Health ED visits
Wicomico,4650.4,Black Non-Hispanic,2009,Mental Health ED visits
Worcester,1811.6,Black Non-Hispanic,2009,Mental Health ED visits
State,666.4,Hispanic,2009,Mental Health ED visits
Allegany,,Hispanic,2009,Mental Health ED visits
Anne Arundel,818.8,Hispanic,2009,Mental Health ED visits
Baltimore City,1215.2,Hispanic,2009,Mental Health ED visits
Baltimore County,940.2,Hispanic,2009,Mental Health ED visits
Calvert,,Hispanic,2009,Mental Health ED visits
Caroline,,Hispanic,2009,Mental Health ED visits
Carroll,,Hispanic,2009,Mental Health ED visits
Cecil,2298,Hispanic,2009,Mental Health ED visits
Charles,,Hispanic,2009,Mental Health ED visits
Dorchester,,Hispanic,2009,Mental Health ED visits
Frederick,841.7,Hispanic,2009,Mental Health ED visits
Garrett,,Hispanic,2009,Mental Health ED visits
Harford,1578.2,Hispanic,2009,Mental Health ED visits
Howard,875.9,Hispanic,2009,Mental Health ED visits
Kent,,Hispanic,2009,Mental Health ED visits
Montgomery,565.1,Hispanic,2009,Mental Health ED visits
Prince George's,346.3,Hispanic,2009,Mental Health ED visits
Queen Anne's,,Hispanic,2009,Mental Health ED visits
Saint Mary's,,Hispanic,2009,Mental Health ED visits
Somerset,,Hispanic,2009,Mental Health ED visits
Talbot,,Hispanic,2009,Mental Health ED visits
Washington,3442.9,Hispanic,2009,Mental Health ED visits
Wicomico,1828.2,Hispanic,2009,Mental Health ED visits
Worcester,,Hispanic,2009,Mental Health ED visits
State,2688.5,White Non-Hispanic,2009,Mental Health ED visits
Allegany,3800.2,White Non-Hispanic,2009,Mental Health ED visits
Anne Arundel,3045.9,White Non-Hispanic,2009,Mental Health ED visits
Baltimore City,5122,White Non-Hispanic,2009,Mental Health ED visits
Baltimore County,3314.6,White Non-Hispanic,2009,Mental Health ED visits
Calvert,1337,White Non-Hispanic,2009,Mental Health ED visits
Caroline,4532.6,White Non-Hispanic,2009,Mental Health ED visits
Carroll,1646.4,White Non-Hispanic,2009,Mental Health ED visits
Cecil,5752.3,White Non-Hispanic,2009,Mental Health ED visits
Charles,1656.9,White Non-Hispanic,2009,Mental Health ED visits
Dorchester,6307.6,White Non-Hispanic,2009,Mental Health ED visits
Frederick,1394.9,White Non-Hispanic,2009,Mental Health ED visits
Garrett,1884.7,White Non-Hispanic,2009,Mental Health ED visits
Harford,3619.1,White Non-Hispanic,2009,Mental Health ED visits
Howard,2039,White Non-Hispanic,2009,Mental Health ED visits
Kent,2653.9,White Non-Hispanic,2009,Mental Health ED visits
Montgomery,898.7,White Non-Hispanic,2009,Mental Health ED visits
Prince George's,1034.6,White Non-Hispanic,2009,Mental Health ED visits
Queen Anne's,1863.1,White Non-Hispanic,2009,Mental Health ED visits
Saint Mary's,1693.7,White Non-Hispanic,2009,Mental Health ED visits
Somerset,2523.3,White Non-Hispanic,2009,Mental Health ED visits
Talbot,4757.5,White Non-Hispanic,2009,Mental Health ED visits
Washington,5215.8,White Non-Hispanic,2009,Mental Health ED visits
Wicomico,4132.1,White Non-Hispanic,2009,Mental Health ED visits
Worcester,1380.7,White Non-Hispanic,2009,Mental Health ED visits
State,279.6,Asian/ Pacific Islander Non-Hispanic,2009,Mental Health ED visits
Allegany,,Asian/ Pacific Islander Non-Hispanic,2009,Mental Health ED visits
Anne Arundel,398.7,Asian/ Pacific Islander Non-Hispanic,2009,Mental Health ED visits
Baltimore City,,Asian/ Pacific Islander Non-Hispanic,2009,Mental Health ED visits
Baltimore County,298.8,Asian/ Pacific Islander Non-Hispanic,2009,Mental Health ED visits
Calvert,,Asian/ Pacific Islander Non-Hispanic,2009,Mental Health ED visits
Caroline,,Asian/ Pacific Islander Non-Hispanic,2009,Mental Health ED visits
Carroll,,Asian/ Pacific Islander Non-Hispanic,2009,Mental Health ED visits
Cecil,,Asian/ Pacific Islander Non-Hispanic,2009,Mental Health ED visits
Charles,,Asian/ Pacific Islander Non-Hispanic,2009,Mental Health ED visits
Dorchester,,Asian/ Pacific Islander Non-Hispanic,2009,Mental Health ED visits
Frederick,,Asian/ Pacific Islander Non-Hispanic,2009,Mental Health ED visits
Garrett,,Asian/ Pacific Islander Non-Hispanic,2009,Mental Health ED visits
Harford,,Asian/ Pacific Islander Non-Hispanic,2009,Mental Health ED visits
Howard,471.2,Asian/ Pacific Islander Non-Hispanic,2009,Mental Health ED visits
Kent,,Asian/ Pacific Islander Non-Hispanic,2009,Mental Health ED visits
Montgomery,232.4,Asian/ Pacific Islander Non-Hispanic,2009,Mental Health ED visits
Prince George's,203.1,Asian/ Pacific Islander Non-Hispanic,2009,Mental Health ED visits
Queen Anne's,,Asian/ Pacific Islander Non-Hispanic,2009,Mental Health ED visits
Saint Mary's,,Asian/ Pacific Islander Non-Hispanic,2009,Mental Health ED visits
Somerset,,Asian/ Pacific Islander Non-Hispanic,2009,Mental Health ED visits
Talbot,,Asian/ Pacific Islander Non-Hispanic,2009,Mental Health ED visits
Washington,,Asian/ Pacific Islander Non-Hispanic,2009,Mental Health ED visits
Wicomico,,Asian/ Pacific Islander Non-Hispanic,2009,Mental Health ED visits
Worcester,,Asian/ Pacific Islander Non-Hispanic,2009,Mental Health ED visits
State,2393,All races/ ethnicities (aggregated),2008,Mental Health ED visits
Allegany,3363.4,All races/ ethnicities (aggregated),2008,Mental Health ED visits
Anne Arundel,3392,All races/ ethnicities (aggregated),2008,Mental Health ED visits
Baltimore City,4236.6,All races/ ethnicities (aggregated),2008,Mental Health ED visits
Baltimore County,2912.5,All races/ ethnicities (aggregated),2008,Mental Health ED visits
Calvert,1217.9,All races/ ethnicities (aggregated),2008,Mental Health ED visits
Caroline,3659.1,All races/ ethnicities (aggregated),2008,Mental Health ED visits
Carroll,1336.5,All races/ ethnicities (aggregated),2008,Mental Health ED visits
Cecil,4670.4,All races/ ethnicities (aggregated),2008,Mental Health ED visits
Charles,1913.4,All races/ ethnicities (aggregated),2008,Mental Health ED visits
Dorchester,5219.8,All races/ ethnicities (aggregated),2008,Mental Health ED visits
Frederick,1229.8,All races/ ethnicities (aggregated),2008,Mental Health ED visits
Garrett,1409.7,All races/ ethnicities (aggregated),2008,Mental Health ED visits
Harford,3829.7,All races/ ethnicities (aggregated),2008,Mental Health ED visits
Howard,2023.5,All races/ ethnicities (aggregated),2008,Mental Health ED visits
Kent,2599,All races/ ethnicities (aggregated),2008,Mental Health ED visits
Montgomery,997.2,All races/ ethnicities (aggregated),2008,Mental Health ED visits
Prince George's,971.2,All races/ ethnicities (aggregated),2008,Mental Health ED visits
Queen Anne's,2072,All races/ ethnicities (aggregated),2008,Mental Health ED visits
Saint Mary's,1254.1,All races/ ethnicities (aggregated),2008,Mental Health ED visits
Somerset,4042.3,All races/ ethnicities (aggregated),2008,Mental Health ED visits
Talbot,3772.2,All races/ ethnicities (aggregated),2008,Mental Health ED visits
Washington,5171.8,All races/ ethnicities (aggregated),2008,Mental Health ED visits
Wicomico,3705.1,All races/ ethnicities (aggregated),2008,Mental Health ED visits
Worcester,2412.2,All races/ ethnicities (aggregated),2008,Mental Health ED visits
State,2195.1,Black Non-Hispanic,2008,Mental Health ED visits
Allegany,2091.4,Black Non-Hispanic,2008,Mental Health ED visits
Anne Arundel,3193.9,Black Non-Hispanic,2008,Mental Health ED visits
Baltimore City,4072.8,Black Non-Hispanic,2008,Mental Health ED visits
Baltimore County,2599,Black Non-Hispanic,2008,Mental Health ED visits
Calvert,997.7,Black Non-Hispanic,2008,Mental Health ED visits
Caroline,3260.7,Black Non-Hispanic,2008,Mental Health ED visits
Carroll,1310.1,Black Non-Hispanic,2008,Mental Health ED visits
Cecil,3673.4,Black Non-Hispanic,2008,Mental Health ED visits
Charles,1691.9,Black Non-Hispanic,2008,Mental Health ED visits
Dorchester,6222.7,Black Non-Hispanic,2008,Mental Health ED visits
Frederick,1372.3,Black Non-Hispanic,2008,Mental Health ED visits
Garrett,,Black Non-Hispanic,2008,Mental Health ED visits
Harford,2720.3,Black Non-Hispanic,2008,Mental Health ED visits
Howard,2252.6,Black Non-Hispanic,2008,Mental Health ED visits
Kent,4390.7,Black Non-Hispanic,2008,Mental Health ED visits
Montgomery,1064.8,Black Non-Hispanic,2008,Mental Health ED visits
Prince George's,846.5,Black Non-Hispanic,2008,Mental Health ED visits
Queen Anne's,1834.7,Black Non-Hispanic,2008,Mental Health ED visits
Saint Mary's,1465.9,Black Non-Hispanic,2008,Mental Health ED visits
Somerset,1580.5,Black Non-Hispanic,2008,Mental Health ED visits
Talbot,4611.8,Black Non-Hispanic,2008,Mental Health ED visits
Washington,4035,Black Non-Hispanic,2008,Mental Health ED visits
Wicomico,3857.8,Black Non-Hispanic,2008,Mental Health ED visits
Worcester,1840.1,Black Non-Hispanic,2008,Mental Health ED visits
State,646.9,Hispanic,2008,Mental Health ED visits
Allegany,,Hispanic,2008,Mental Health ED visits
Anne Arundel,1105,Hispanic,2008,Mental Health ED visits
Baltimore City,1191.1,Hispanic,2008,Mental Health ED visits
Baltimore County,860,Hispanic,2008,Mental Health ED visits
Calvert,,Hispanic,2008,Mental Health ED visits
Caroline,,Hispanic,2008,Mental Health ED visits
Carroll,,Hispanic,2008,Mental Health ED visits
Cecil,2187.6,Hispanic,2008,Mental Health ED visits
Charles,,Hispanic,2008,Mental Health ED visits
Dorchester,,Hispanic,2008,Mental Health ED visits
Frederick,650.3,Hispanic,2008,Mental Health ED visits
Garrett,,Hispanic,2008,Mental Health ED visits
Harford,836.5,Hispanic,2008,Mental Health ED visits
Howard,1125.8,Hispanic,2008,Mental Health ED visits
Kent,,Hispanic,2008,Mental Health ED visits
Montgomery,577,Hispanic,2008,Mental Health ED visits
Prince George's,370.5,Hispanic,2008,Mental Health ED visits
Queen Anne's,,Hispanic,2008,Mental Health ED visits
Saint Mary's,,Hispanic,2008,Mental Health ED visits
Somerset,,Hispanic,2008,Mental Health ED visits
Talbot,,Hispanic,2008,Mental Health ED visits
Washington,2703.8,Hispanic,2008,Mental Health ED visits
Wicomico,,Hispanic,2008,Mental Health ED visits
Worcester,,Hispanic,2008,Mental Health ED visits
State,2617.4,White Non-Hispanic,2008,Mental Health ED visits
Allegany,3545.5,White Non-Hispanic,2008,Mental Health ED visits
Anne Arundel,3652.8,White Non-Hispanic,2008,Mental Health ED visits
Baltimore City,4930.3,White Non-Hispanic,2008,Mental Health ED visits
Baltimore County,3243.1,White Non-Hispanic,2008,Mental Health ED visits
Calvert,1274.7,White Non-Hispanic,2008,Mental Health ED visits
Caroline,3914.2,White Non-Hispanic,2008,Mental Health ED visits
Carroll,1361.7,White Non-Hispanic,2008,Mental Health ED visits
Cecil,4551.5,White Non-Hispanic,2008,Mental Health ED visits
Charles,2286.9,White Non-Hispanic,2008,Mental Health ED visits
Dorchester,4879.4,White Non-Hispanic,2008,Mental Health ED visits
Frederick,1254.3,White Non-Hispanic,2008,Mental Health ED visits
Garrett,1425.7,White Non-Hispanic,2008,Mental Health ED visits
Harford,3215,White Non-Hispanic,2008,Mental Health ED visits
Howard,2259,White Non-Hispanic,2008,Mental Health ED visits
Kent,2338,White Non-Hispanic,2008,Mental Health ED visits
Montgomery,716.1,White Non-Hispanic,2008,Mental Health ED visits
Prince George's,1226.1,White Non-Hispanic,2008,Mental Health ED visits
Queen Anne's,2149.7,White Non-Hispanic,2008,Mental Health ED visits
Saint Mary's,1250.4,White Non-Hispanic,2008,Mental Health ED visits
Somerset,2130.5,White Non-Hispanic,2008,Mental Health ED visits
Talbot,3678.8,White Non-Hispanic,2008,Mental Health ED visits
Washington,5465.5,White Non-Hispanic,2008,Mental Health ED visits
Wicomico,3676.3,White Non-Hispanic,2008,Mental Health ED visits
Worcester,1113.8,White Non-Hispanic,2008,Mental Health ED visits
State,271.7,Asian/ Pacific Islander Non-Hispanic,2008,Mental Health ED visits
Allegany,,Asian/ Pacific Islander Non-Hispanic,2008,Mental Health ED visits
Anne Arundel,591.5,Asian/ Pacific Islander Non-Hispanic,2008,Mental Health ED visits
Baltimore City,435.6,Asian/ Pacific Islander Non-Hispanic,2008,Mental Health ED visits
Baltimore County,255.7,Asian/ Pacific Islander Non-Hispanic,2008,Mental Health ED visits
Calvert,,Asian/ Pacific Islander Non-Hispanic,2008,Mental Health ED visits
Caroline,,Asian/ Pacific Islander Non-Hispanic,2008,Mental Health ED visits
Carroll,,Asian/ Pacific Islander Non-Hispanic,2008,Mental Health ED visits
Cecil,,Asian/ Pacific Islander Non-Hispanic,2008,Mental Health ED visits
Charles,,Asian/ Pacific Islander Non-Hispanic,2008,Mental Health ED visits
Dorchester,,Asian/ Pacific Islander Non-Hispanic,2008,Mental Health ED visits
Frederick,,Asian/ Pacific Islander Non-Hispanic,2008,Mental Health ED visits
Garrett,,Asian/ Pacific Islander Non-Hispanic,2008,Mental Health ED visits
Harford,,Asian/ Pacific Islander Non-Hispanic,2008,Mental Health ED visits
Howard,451.8,Asian/ Pacific Islander Non-Hispanic,2008,Mental Health ED visits
Kent,,Asian/ Pacific Islander Non-Hispanic,2008,Mental Health ED visits
Montgomery,200.8,Asian/ Pacific Islander Non-Hispanic,2008,Mental Health ED visits
Prince George's,207.2,Asian/ Pacific Islander Non-Hispanic,2008,Mental Health ED visits
Queen Anne's,,Asian/ Pacific Islander Non-Hispanic,2008,Mental Health ED visits
Saint Mary's,,Asian/ Pacific Islander Non-Hispanic,2008,Mental Health ED visits
Somerset,,Asian/ Pacific Islander Non-Hispanic,2008,Mental Health ED visits
Talbot,,Asian/ Pacific Islander Non-Hispanic,2008,Mental Health ED visits
Washington,,Asian/ Pacific Islander Non-Hispanic,2008,Mental Health ED visits
Wicomico,,Asian/ Pacific Islander Non-Hispanic,2008,Mental Health ED visits
Worcester,,Asian/ Pacific Islander Non-Hispanic,2008,Mental Health ED visits
